[19:32:59] [main/INFO] (FabricLoader/GameProvider) Loading Minecraft 1.21.4 with Fabric Loader 0.17.2
[19:33:00] [main/WARN] (FabricLoader/Resolution) Warnings were found!
 - Mod 'LYIVX's Core' (ls_core) 1.1.5 recommends any version of modmenu, which is missing!
	 - You should install any version of modmenu for the optimal experience.
 - Mod 'Furnection' (ls_furniture) 1.0.9 recommends any version of modmenu, which is missing!
	 - You should install any version of modmenu for the optimal experience.
[19:33:00] [main/INFO] (FabricLoader) Loading 60 mods:
	- architectury 15.0.3
	- fabric-api 0.119.4+1.21.4
	- fabric-api-base 0.4.54+b47eab6b04
	- fabric-api-lookup-api-v1 1.6.86+b1caf1e904
	- fabric-biome-api-v1 15.0.6+b1c29d8e04
	- fabric-block-api-v1 1.0.31+7feeb73304
	- fabric-block-view-api-v2 1.0.20+9c49cc8c04
	- fabric-blockrenderlayer-v1 2.0.8+7feeb73304
	- fabric-client-gametest-api-v1 4.1.1+6816ccd404
	- fabric-client-tags-api-v1 1.1.29+20ea1e2304
	- fabric-command-api-v1 1.2.62+f71b366f04
	- fabric-command-api-v2 2.2.41+e496eb1504
	- fabric-commands-v0 0.2.79+df3654b304
	- fabric-content-registries-v0 9.1.19+25d1a67604
	- fabric-convention-tags-v1 2.1.20+7f945d5b04
	- fabric-convention-tags-v2 2.14.1+aebda09404
	- fabric-crash-report-info-v1 0.3.6+7feeb73304
	- fabric-data-attachment-api-v1 1.6.2+e99da0f704
	- fabric-data-generation-api-v1 22.3.1+0f4e5f5504
	- fabric-dimensions-v1 4.0.10+7feeb73304
	- fabric-entity-events-v1 2.0.15+62245bef04
	- fabric-events-interaction-v0 4.0.4+a4eebcf004
	- fabric-game-rule-api-v1 1.0.63+7d48d43904
	- fabric-gametest-api-v1 2.0.26+7feeb73304
	- fabric-item-api-v1 11.4.0+189dd6fe04
	- fabric-item-group-api-v1 4.2.2+fcb9601404
	- fabric-key-binding-api-v1 1.0.57+7d48d43904
	- fabric-keybindings-v0 0.2.55+df3654b304
	- fabric-lifecycle-events-v1 2.5.4+bf2a60eb04
	- fabric-loot-api-v2 3.0.38+3f89f5a504
	- fabric-loot-api-v3 1.0.26+203e6b2304
	- fabric-message-api-v1 6.0.26+238a33c004
	- fabric-model-loading-api-v1 4.3.0+ae23723504
	- fabric-networking-api-v1 4.4.0+db5e668204
	- fabric-object-builder-api-v1 18.0.14+38b0d59804
	- fabric-particles-v1 4.0.14+7feeb73304
	- fabric-recipe-api-v1 8.1.1+640e77ae04
	- fabric-registry-sync-v0 6.1.11+4a9c1ece04
	- fabric-renderer-api-v1 5.0.3+50f0feb204
	- fabric-renderer-indigo 2.0.3+50f0feb204
	- fabric-rendering-data-attachment-v1 0.3.58+73761d2e04
	- fabric-rendering-fluids-v1 3.1.19+7feeb73304
	- fabric-rendering-v1 10.2.1+0d31b09f04
	- fabric-resource-conditions-api-v1 5.0.13+203e6b2304
	- fabric-resource-loader-v0 3.1.1+360374ac04
	- fabric-screen-api-v1 2.0.38+7feeb73304
	- fabric-screen-handler-api-v1 1.3.118+7feeb73304
	- fabric-sound-api-v1 1.0.32+7feeb73304
	- fabric-tag-api-v1 1.0.7+7d48d43904
	- fabric-transfer-api-v1 5.4.9+efa825c904
	- fabric-transitive-access-wideners-v1 6.3.2+56e78b9b04
	- fabricloader 0.17.2
	- generated_3d142ed 1.0.0
	- java 21
	- ls_core 1.1.5
	- ls_furniture 1.0.9
	- ls_tweaks 1.0.0
	- minecraft 1.21.4
	- mixinextras 0.5.0
	- resourcefullib 3.4.5
[19:33:00] [main/INFO] (FabricLoader/Mixin) SpongePowered MIXIN Subsystem Version=0.8.7 Source=file:/C:/Users/tommy/.gradle/caches/modules-2/files-2.1/net.fabricmc/sponge-mixin/0.16.3+mixin.0.8.7/3e535042688d1265447e52ad86950b7d9678a5fa/sponge-mixin-0.16.3+mixin.0.8.7.jar Service=Knot/Fabric Env=CLIENT
[19:33:00] [main/INFO] (FabricLoader/Mixin) Loaded Fabric development mappings for mixin remapper!
[19:33:00] [main/INFO] (FabricLoader/Mixin) Compatibility level set to JAVA_21
[19:33:00] [main/WARN] (FabricLoader/Mixin) Reference map 'ls_core-common-refmap.json' for LYIVXsCore-common.mixins.json could not be read. If this is a development environment you can ignore this message
[19:33:02] [main/INFO] (FabricLoader/MixinExtras|Service) Initializing MixinExtras via com.llamalad7.mixinextras.service.MixinExtrasServiceImpl(version=0.5.0).
[19:33:03] [Datafixer Bootstrap/INFO] (Minecraft) 243 Datafixer optimizations took 798 milliseconds
[19:33:11] [Render thread/INFO] (Minecraft) Environment: Environment[sessionHost=https://sessionserver.mojang.com, servicesHost=https://api.minecraftservices.com, name=PROD]
[19:33:11] [Render thread/INFO] (Minecraft) Setting user: Player478
[19:33:16] [Render thread/INFO] (NetworkManagerImpl) Registering C2S receiver with id ls_furniture:update_letter
[19:33:16] [Render thread/INFO] (NetworkManagerImpl) Registering S2C receiver with id ls_furniture:workstation_recipes
[19:33:16] [Render thread/INFO] (ls_furniture) Initializing config registry for Furnection
[19:33:16] [Render thread/INFO] (ls_furniture) Starting fuel registration
[19:33:16] [Render thread/INFO] (ls_furniture) Registering fuel for item: ls_furniture:oak_furniture_pack
[19:33:16] [Render thread/INFO] (ls_furniture) Registering fuel for item: ls_furniture:spruce_furniture_pack
[19:33:16] [Render thread/INFO] (ls_furniture) Registering fuel for item: ls_furniture:birch_furniture_pack
[19:33:16] [Render thread/INFO] (ls_furniture) Registering fuel for item: ls_furniture:jungle_furniture_pack
[19:33:16] [Render thread/INFO] (ls_furniture) Registering fuel for item: ls_furniture:acacia_furniture_pack
[19:33:16] [Render thread/INFO] (ls_furniture) Registering fuel for item: ls_furniture:dark_oak_furniture_pack
[19:33:16] [Render thread/INFO] (ls_furniture) Registering fuel for item: ls_furniture:mangrove_furniture_pack
[19:33:16] [Render thread/INFO] (ls_furniture) Registering fuel for item: ls_furniture:cherry_furniture_pack
[19:33:16] [Render thread/INFO] (ls_furniture) Registering fuel for item: ls_furniture:bamboo_furniture_pack
[19:33:16] [Render thread/INFO] (ls_furniture) Registering fuel for item: ls_furniture:crimson_furniture_pack
[19:33:16] [Render thread/INFO] (ls_furniture) Registering fuel for item: ls_furniture:warped_furniture_pack
[19:33:16] [Render thread/INFO] (NetworkManagerImpl) Registering C2S receiver with id ls_tweaks:refill_request
[19:33:16] [Render thread/INFO] (NetworkManagerImpl) Registering C2S receiver with id ls_tweaks:sort_request
[19:33:16] [Render thread/INFO] (NetworkManagerImpl) Registering S2C receiver with id ls_tweaks:whitelist_sync
[19:33:16] [Render thread/INFO] (NetworkManagerImpl) Registering S2C receiver with id ls_tweaks:inv_layout_sync
[19:33:16] [Render thread/INFO] (NetworkManagerImpl) Registering C2S receiver with id ls_tweaks:quick_stack
[19:33:16] [Render thread/INFO] (NetworkManagerImpl) Registering C2S receiver with id ls_tweaks:quick_move_drag
[19:33:16] [Render thread/INFO] (NetworkManagerImpl) Registering C2S receiver with id ls_tweaks:slotlock_toggle
[19:33:16] [Render thread/INFO] (NetworkManagerImpl) Registering S2C receiver with id ls_tweaks:slotlock_sync
[19:33:16] [Render thread/INFO] (ls_tweaks) Initializing LS Tweaks config (LYIVX Core).
[19:33:16] [Render thread/INFO] (Indigo) [Indigo] Registering Indigo renderer!
[19:33:17] [Render thread/INFO] (ls_core) Looking for configuration providers...
[19:33:17] [Render thread/INFO] (ls_core) Found provider: LYIVX's Tweaks (ID: ls_tweaks)
[19:33:17] [Render thread/INFO] (ls_core) Found provider: Recipe Viewer (ID: ls_tweaks_recipe_viewer)
[19:33:17] [Render thread/INFO] (ls_core) Found provider: Furnection (ID: ls_furniture)
[19:33:17] [Render thread/INFO] (ls_core) Initializing config for mod 'ls_tweaks'
[19:33:17] [Render thread/INFO] (ls_core)  > Config directory: E:\WorkSpaces\LYIVXs Tweaks\fabric\run\config\LYIVX_s_Tweaks
[19:33:17] [Render thread/INFO] (ls_core)  > Config file path: E:\WorkSpaces\LYIVXs Tweaks\fabric\run\config\LYIVX_s_Tweaks\ls_tweaks.json
[19:33:17] [Render thread/INFO] (ls_core)  > Found existing config file. Loading...
[19:33:17] [Render thread/INFO] (Minecraft) [STDOUT]: Config for [ls_tweaks] will be saved to: E:\WorkSpaces\LYIVXs Tweaks\fabric\run\config\LYIVX_s_Tweaks\ls_tweaks.json
[19:33:17] [Render thread/INFO] (ls_core)  > Config registered successfully for 'ls_tweaks'

[19:33:17] [Render thread/INFO] (ls_core) Initializing config for mod 'ls_tweaks_recipe_viewer'
[19:33:17] [Render thread/INFO] (ls_core)  > Config directory: E:\WorkSpaces\LYIVXs Tweaks\fabric\run\config\Recipe_Viewer
[19:33:17] [Render thread/INFO] (ls_core)  > Config file path: E:\WorkSpaces\LYIVXs Tweaks\fabric\run\config\Recipe_Viewer\ls_tweaks_recipe_viewer.json
[19:33:17] [Render thread/INFO] (ls_core)  > Found existing config file. Loading...
[19:33:17] [Render thread/INFO] (Minecraft) [STDOUT]: Config for [ls_tweaks_recipe_viewer] will be saved to: E:\WorkSpaces\LYIVXs Tweaks\fabric\run\config\Recipe_Viewer\ls_tweaks_recipe_viewer.json
[19:33:17] [Render thread/INFO] (ls_core)  > Config registered successfully for 'ls_tweaks_recipe_viewer'

[19:33:17] [Render thread/INFO] (ls_core) Initializing config for mod 'ls_furniture'
[19:33:17] [Render thread/INFO] (ls_core)  > Config directory: E:\WorkSpaces\LYIVXs Tweaks\fabric\run\config\Furnection
[19:33:17] [Render thread/INFO] (ls_core)  > Config file path: E:\WorkSpaces\LYIVXs Tweaks\fabric\run\config\Furnection\ls_furniture.json
[19:33:17] [Render thread/INFO] (ls_core)  > Found existing config file. Loading...
[19:33:17] [Render thread/INFO] (Minecraft) [STDOUT]: Config for [ls_furniture] will be saved to: E:\WorkSpaces\LYIVXs Tweaks\fabric\run\config\Furnection\ls_furniture.json
[19:33:17] [Render thread/INFO] (ls_furniture) Registered config spec for LYIVX's Furniture.
[19:33:17] [Render thread/INFO] (ls_core)  > Config registered successfully for 'ls_furniture'

[19:33:17] [Render thread/INFO] (ls_core) Total providers found: 3
[19:33:17] [Render thread/INFO] (ls_tweaks) [QOLCraft] initialized
[19:33:17] [Render thread/INFO] (ls_core) Looking for configuration providers...
[19:33:17] [Render thread/INFO] (ls_core) Found provider: LYIVX's Tweaks (ID: ls_tweaks)
[19:33:17] [Render thread/INFO] (ls_core) Found provider: Recipe Viewer (ID: ls_tweaks_recipe_viewer)
[19:33:17] [Render thread/INFO] (ls_core) Found provider: Furnection (ID: ls_furniture)
[19:33:17] [Render thread/INFO] (ls_core) Initializing config for mod 'ls_tweaks'
[19:33:17] [Render thread/INFO] (ls_core)  > Config directory: E:\WorkSpaces\LYIVXs Tweaks\fabric\run\config\LYIVX_s_Tweaks
[19:33:17] [Render thread/INFO] (ls_core)  > Config file path: E:\WorkSpaces\LYIVXs Tweaks\fabric\run\config\LYIVX_s_Tweaks\ls_tweaks.json
[19:33:17] [Render thread/INFO] (ls_core)  > Found existing config file. Loading...
[19:33:17] [Render thread/INFO] (Minecraft) [STDOUT]: Config for [ls_tweaks] will be saved to: E:\WorkSpaces\LYIVXs Tweaks\fabric\run\config\LYIVX_s_Tweaks\ls_tweaks.json
[19:33:17] [Render thread/INFO] (ls_core)  > Config registered successfully for 'ls_tweaks'

[19:33:17] [Render thread/INFO] (ls_core) Initializing config for mod 'ls_tweaks_recipe_viewer'
[19:33:17] [Render thread/INFO] (ls_core)  > Config directory: E:\WorkSpaces\LYIVXs Tweaks\fabric\run\config\Recipe_Viewer
[19:33:17] [Render thread/INFO] (ls_core)  > Config file path: E:\WorkSpaces\LYIVXs Tweaks\fabric\run\config\Recipe_Viewer\ls_tweaks_recipe_viewer.json
[19:33:17] [Render thread/INFO] (ls_core)  > Found existing config file. Loading...
[19:33:17] [Render thread/INFO] (Minecraft) [STDOUT]: Config for [ls_tweaks_recipe_viewer] will be saved to: E:\WorkSpaces\LYIVXs Tweaks\fabric\run\config\Recipe_Viewer\ls_tweaks_recipe_viewer.json
[19:33:17] [Render thread/INFO] (ls_core)  > Config registered successfully for 'ls_tweaks_recipe_viewer'

[19:33:17] [Render thread/INFO] (ls_core) Initializing config for mod 'ls_furniture'
[19:33:17] [Render thread/INFO] (ls_core)  > Config directory: E:\WorkSpaces\LYIVXs Tweaks\fabric\run\config\Furnection
[19:33:17] [Render thread/INFO] (ls_core)  > Config file path: E:\WorkSpaces\LYIVXs Tweaks\fabric\run\config\Furnection\ls_furniture.json
[19:33:17] [Render thread/INFO] (ls_core)  > Found existing config file. Loading...
[19:33:17] [Render thread/INFO] (Minecraft) [STDOUT]: Config for [ls_furniture] will be saved to: E:\WorkSpaces\LYIVXs Tweaks\fabric\run\config\Furnection\ls_furniture.json
[19:33:17] [Render thread/INFO] (ls_furniture) Registered config spec for LYIVX's Furniture.
[19:33:17] [Render thread/INFO] (ls_core)  > Config registered successfully for 'ls_furniture'

[19:33:17] [Render thread/INFO] (ls_core) Initializing config for mod 'ls_tweaks'
[19:33:17] [Render thread/INFO] (ls_core)  > Config directory: E:\WorkSpaces\LYIVXs Tweaks\fabric\run\config\LYIVX_s_Tweaks
[19:33:17] [Render thread/INFO] (ls_core)  > Config file path: E:\WorkSpaces\LYIVXs Tweaks\fabric\run\config\LYIVX_s_Tweaks\ls_tweaks.json
[19:33:17] [Render thread/INFO] (ls_core)  > Found existing config file. Loading...
[19:33:17] [Render thread/INFO] (Minecraft) [STDOUT]: Config for [ls_tweaks] will be saved to: E:\WorkSpaces\LYIVXs Tweaks\fabric\run\config\LYIVX_s_Tweaks\ls_tweaks.json
[19:33:17] [Render thread/INFO] (ls_core)  > Config registered successfully for 'ls_tweaks'

[19:33:17] [Render thread/INFO] (ls_core) Initializing config for mod 'ls_tweaks_recipe_viewer'
[19:33:17] [Render thread/INFO] (ls_core)  > Config directory: E:\WorkSpaces\LYIVXs Tweaks\fabric\run\config\Recipe_Viewer
[19:33:17] [Render thread/INFO] (ls_core)  > Config file path: E:\WorkSpaces\LYIVXs Tweaks\fabric\run\config\Recipe_Viewer\ls_tweaks_recipe_viewer.json
[19:33:17] [Render thread/INFO] (ls_core)  > Found existing config file. Loading...
[19:33:17] [Render thread/INFO] (Minecraft) [STDOUT]: Config for [ls_tweaks_recipe_viewer] will be saved to: E:\WorkSpaces\LYIVXs Tweaks\fabric\run\config\Recipe_Viewer\ls_tweaks_recipe_viewer.json
[19:33:17] [Render thread/INFO] (ls_core)  > Config registered successfully for 'ls_tweaks_recipe_viewer'

[19:33:17] [Render thread/INFO] (ls_core) Initializing config for mod 'ls_furniture'
[19:33:17] [Render thread/INFO] (ls_core)  > Config directory: E:\WorkSpaces\LYIVXs Tweaks\fabric\run\config\Furnection
[19:33:17] [Render thread/INFO] (ls_core)  > Config file path: E:\WorkSpaces\LYIVXs Tweaks\fabric\run\config\Furnection\ls_furniture.json
[19:33:17] [Render thread/INFO] (ls_core)  > Found existing config file. Loading...
[19:33:17] [Render thread/INFO] (Minecraft) [STDOUT]: Config for [ls_furniture] will be saved to: E:\WorkSpaces\LYIVXs Tweaks\fabric\run\config\Furnection\ls_furniture.json
[19:33:17] [Render thread/INFO] (ls_furniture) Registered config spec for LYIVX's Furniture.
[19:33:17] [Render thread/INFO] (ls_core)  > Config registered successfully for 'ls_furniture'

[19:33:17] [Render thread/INFO] (ls_core) Total providers found: 6
[19:33:17] [Render thread/INFO] (ls_core) Looking for configuration providers...
[19:33:17] [Render thread/INFO] (ls_core) Found provider: LYIVX's Tweaks (ID: ls_tweaks)
[19:33:17] [Render thread/INFO] (ls_core) Found provider: Recipe Viewer (ID: ls_tweaks_recipe_viewer)
[19:33:17] [Render thread/INFO] (ls_core) Found provider: Furnection (ID: ls_furniture)
[19:33:17] [Render thread/INFO] (ls_core) Initializing config for mod 'ls_tweaks'
[19:33:17] [Render thread/INFO] (ls_core)  > Config directory: E:\WorkSpaces\LYIVXs Tweaks\fabric\run\config\LYIVX_s_Tweaks
[19:33:17] [Render thread/INFO] (ls_core)  > Config file path: E:\WorkSpaces\LYIVXs Tweaks\fabric\run\config\LYIVX_s_Tweaks\ls_tweaks.json
[19:33:17] [Render thread/INFO] (ls_core)  > Found existing config file. Loading...
[19:33:17] [Render thread/INFO] (Minecraft) [STDOUT]: Config for [ls_tweaks] will be saved to: E:\WorkSpaces\LYIVXs Tweaks\fabric\run\config\LYIVX_s_Tweaks\ls_tweaks.json
[19:33:17] [Render thread/INFO] (ls_core)  > Config registered successfully for 'ls_tweaks'

[19:33:17] [Render thread/INFO] (ls_core) Initializing config for mod 'ls_tweaks_recipe_viewer'
[19:33:17] [Render thread/INFO] (ls_core)  > Config directory: E:\WorkSpaces\LYIVXs Tweaks\fabric\run\config\Recipe_Viewer
[19:33:17] [Render thread/INFO] (ls_core)  > Config file path: E:\WorkSpaces\LYIVXs Tweaks\fabric\run\config\Recipe_Viewer\ls_tweaks_recipe_viewer.json
[19:33:17] [Render thread/INFO] (ls_core)  > Found existing config file. Loading...
[19:33:17] [Render thread/INFO] (Minecraft) [STDOUT]: Config for [ls_tweaks_recipe_viewer] will be saved to: E:\WorkSpaces\LYIVXs Tweaks\fabric\run\config\Recipe_Viewer\ls_tweaks_recipe_viewer.json
[19:33:17] [Render thread/INFO] (ls_core)  > Config registered successfully for 'ls_tweaks_recipe_viewer'

[19:33:17] [Render thread/INFO] (ls_core) Initializing config for mod 'ls_furniture'
[19:33:17] [Render thread/INFO] (ls_core)  > Config directory: E:\WorkSpaces\LYIVXs Tweaks\fabric\run\config\Furnection
[19:33:17] [Render thread/INFO] (ls_core)  > Config file path: E:\WorkSpaces\LYIVXs Tweaks\fabric\run\config\Furnection\ls_furniture.json
[19:33:17] [Render thread/INFO] (ls_core)  > Found existing config file. Loading...
[19:33:17] [Render thread/INFO] (Minecraft) [STDOUT]: Config for [ls_furniture] will be saved to: E:\WorkSpaces\LYIVXs Tweaks\fabric\run\config\Furnection\ls_furniture.json
[19:33:17] [Render thread/INFO] (ls_furniture) Registered config spec for LYIVX's Furniture.
[19:33:17] [Render thread/INFO] (ls_core)  > Config registered successfully for 'ls_furniture'

[19:33:17] [Render thread/INFO] (ls_core) Initializing config for mod 'ls_tweaks'
[19:33:17] [Render thread/INFO] (ls_core)  > Config directory: E:\WorkSpaces\LYIVXs Tweaks\fabric\run\config\LYIVX_s_Tweaks
[19:33:17] [Render thread/INFO] (ls_core)  > Config file path: E:\WorkSpaces\LYIVXs Tweaks\fabric\run\config\LYIVX_s_Tweaks\ls_tweaks.json
[19:33:17] [Render thread/INFO] (ls_core)  > Found existing config file. Loading...
[19:33:17] [Render thread/INFO] (Minecraft) [STDOUT]: Config for [ls_tweaks] will be saved to: E:\WorkSpaces\LYIVXs Tweaks\fabric\run\config\LYIVX_s_Tweaks\ls_tweaks.json
[19:33:17] [Render thread/INFO] (ls_core)  > Config registered successfully for 'ls_tweaks'

[19:33:17] [Render thread/INFO] (ls_core) Initializing config for mod 'ls_tweaks_recipe_viewer'
[19:33:17] [Render thread/INFO] (ls_core)  > Config directory: E:\WorkSpaces\LYIVXs Tweaks\fabric\run\config\Recipe_Viewer
[19:33:17] [Render thread/INFO] (ls_core)  > Config file path: E:\WorkSpaces\LYIVXs Tweaks\fabric\run\config\Recipe_Viewer\ls_tweaks_recipe_viewer.json
[19:33:17] [Render thread/INFO] (ls_core)  > Found existing config file. Loading...
[19:33:17] [Render thread/INFO] (Minecraft) [STDOUT]: Config for [ls_tweaks_recipe_viewer] will be saved to: E:\WorkSpaces\LYIVXs Tweaks\fabric\run\config\Recipe_Viewer\ls_tweaks_recipe_viewer.json
[19:33:17] [Render thread/INFO] (ls_core)  > Config registered successfully for 'ls_tweaks_recipe_viewer'

[19:33:17] [Render thread/INFO] (ls_core) Initializing config for mod 'ls_furniture'
[19:33:17] [Render thread/INFO] (ls_core)  > Config directory: E:\WorkSpaces\LYIVXs Tweaks\fabric\run\config\Furnection
[19:33:17] [Render thread/INFO] (ls_core)  > Config file path: E:\WorkSpaces\LYIVXs Tweaks\fabric\run\config\Furnection\ls_furniture.json
[19:33:17] [Render thread/INFO] (ls_core)  > Found existing config file. Loading...
[19:33:17] [Render thread/INFO] (Minecraft) [STDOUT]: Config for [ls_furniture] will be saved to: E:\WorkSpaces\LYIVXs Tweaks\fabric\run\config\Furnection\ls_furniture.json
[19:33:17] [Render thread/INFO] (ls_furniture) Registered config spec for LYIVX's Furniture.
[19:33:17] [Render thread/INFO] (ls_core)  > Config registered successfully for 'ls_furniture'

[19:33:17] [Render thread/INFO] (ls_core) Initializing config for mod 'ls_tweaks'
[19:33:17] [Render thread/INFO] (ls_core)  > Config directory: E:\WorkSpaces\LYIVXs Tweaks\fabric\run\config\LYIVX_s_Tweaks
[19:33:17] [Render thread/INFO] (ls_core)  > Config file path: E:\WorkSpaces\LYIVXs Tweaks\fabric\run\config\LYIVX_s_Tweaks\ls_tweaks.json
[19:33:17] [Render thread/INFO] (ls_core)  > Found existing config file. Loading...
[19:33:17] [Render thread/INFO] (Minecraft) [STDOUT]: Config for [ls_tweaks] will be saved to: E:\WorkSpaces\LYIVXs Tweaks\fabric\run\config\LYIVX_s_Tweaks\ls_tweaks.json
[19:33:17] [Render thread/INFO] (ls_core)  > Config registered successfully for 'ls_tweaks'

[19:33:17] [Render thread/INFO] (ls_core) Initializing config for mod 'ls_tweaks_recipe_viewer'
[19:33:17] [Render thread/INFO] (ls_core)  > Config directory: E:\WorkSpaces\LYIVXs Tweaks\fabric\run\config\Recipe_Viewer
[19:33:17] [Render thread/INFO] (ls_core)  > Config file path: E:\WorkSpaces\LYIVXs Tweaks\fabric\run\config\Recipe_Viewer\ls_tweaks_recipe_viewer.json
[19:33:17] [Render thread/INFO] (ls_core)  > Found existing config file. Loading...
[19:33:17] [Render thread/INFO] (Minecraft) [STDOUT]: Config for [ls_tweaks_recipe_viewer] will be saved to: E:\WorkSpaces\LYIVXs Tweaks\fabric\run\config\Recipe_Viewer\ls_tweaks_recipe_viewer.json
[19:33:17] [Render thread/INFO] (ls_core)  > Config registered successfully for 'ls_tweaks_recipe_viewer'

[19:33:17] [Render thread/INFO] (ls_core) Initializing config for mod 'ls_furniture'
[19:33:17] [Render thread/INFO] (ls_core)  > Config directory: E:\WorkSpaces\LYIVXs Tweaks\fabric\run\config\Furnection
[19:33:17] [Render thread/INFO] (ls_core)  > Config file path: E:\WorkSpaces\LYIVXs Tweaks\fabric\run\config\Furnection\ls_furniture.json
[19:33:17] [Render thread/INFO] (ls_core)  > Found existing config file. Loading...
[19:33:17] [Render thread/INFO] (Minecraft) [STDOUT]: Config for [ls_furniture] will be saved to: E:\WorkSpaces\LYIVXs Tweaks\fabric\run\config\Furnection\ls_furniture.json
[19:33:17] [Render thread/INFO] (ls_furniture) Registered config spec for LYIVX's Furniture.
[19:33:17] [Render thread/INFO] (ls_core)  > Config registered successfully for 'ls_furniture'

[19:33:17] [Render thread/INFO] (ls_core) Total providers found: 9
[19:33:17] [Render thread/INFO] (NetworkManagerImpl) Registering S2C receiver with id architectury:spawn_entity_packet
[19:33:18] [Render thread/INFO] (Minecraft) Backend library: LWJGL version 3.3.3-snapshot
[19:33:20] [Render thread/INFO] (Minecraft) Reloading ResourceManager: vanilla, fabric, fabric-api, fabric-api-base, fabric-api-lookup-api-v1, fabric-biome-api-v1, fabric-block-api-v1, fabric-block-view-api-v2, fabric-blockrenderlayer-v1, fabric-client-gametest-api-v1, fabric-client-tags-api-v1, fabric-command-api-v1, fabric-command-api-v2, fabric-commands-v0, fabric-content-registries-v0, fabric-convention-tags-v1, fabric-convention-tags-v2, fabric-crash-report-info-v1, fabric-data-attachment-api-v1, fabric-data-generation-api-v1, fabric-dimensions-v1, fabric-entity-events-v1, fabric-events-interaction-v0, fabric-game-rule-api-v1, fabric-gametest-api-v1, fabric-item-api-v1, fabric-item-group-api-v1, fabric-key-binding-api-v1, fabric-keybindings-v0, fabric-lifecycle-events-v1, fabric-loot-api-v2, fabric-loot-api-v3, fabric-message-api-v1, fabric-model-loading-api-v1, fabric-networking-api-v1, fabric-object-builder-api-v1, fabric-particles-v1, fabric-recipe-api-v1, fabric-registry-sync-v0, fabric-renderer-api-v1, fabric-renderer-indigo, fabric-rendering-data-attachment-v1, fabric-rendering-fluids-v1, fabric-rendering-v1, fabric-resource-conditions-api-v1, fabric-resource-loader-v0, fabric-screen-api-v1, fabric-screen-handler-api-v1, fabric-sound-api-v1, fabric-tag-api-v1, fabric-transfer-api-v1, fabric-transitive-access-wideners-v1, fabricloader, generated_3d142ed, ls_core, ls_furniture, file/LYIVX's Tweaks
[19:33:20] [Worker-Main-11/INFO] (Minecraft) Found unifont_all_no_pua-16.0.01.hex, loading
[19:33:20] [Worker-Main-7/INFO] (Minecraft) Found unifont_jp_patch-16.0.01.hex, loading
[19:33:20] [Worker-Main-2/WARN] (Minecraft) Exception loading blockstate definition: 'ls_furniture:acacia_barrel/ls_furniture' for variant: 'facing=down,open=true': Unknown value: 'down' for blockstate property: 'facing' [north, south, west, east]
[19:33:20] [Worker-Main-2/WARN] (Minecraft) Exception loading blockstate definition: 'ls_furniture:acacia_barrel/ls_furniture' for variant: 'facing=up,open=true': Unknown value: 'up' for blockstate property: 'facing' [north, south, west, east]
[19:33:20] [Worker-Main-2/WARN] (Minecraft) Exception loading blockstate definition: 'ls_furniture:acacia_barrel/ls_furniture' for variant: 'facing=up,open=false': Unknown value: 'up' for blockstate property: 'facing' [north, south, west, east]
[19:33:20] [Worker-Main-2/WARN] (Minecraft) Exception loading blockstate definition: 'ls_furniture:acacia_barrel/ls_furniture' for variant: 'facing=down,open=false': Unknown value: 'down' for blockstate property: 'facing' [north, south, west, east]
[19:33:20] [Worker-Main-8/WARN] (Minecraft) File minecraft:sounds/block.amethyst_block.chime.ogg does not exist, cannot add it to event ls_furniture:event.mail_received
[19:33:20] [Worker-Main-5/WARN] (Minecraft) Exception loading blockstate definition: 'ls_furniture:bamboo_barrel/ls_furniture' for variant: 'facing=down,open=true': Unknown value: 'down' for blockstate property: 'facing' [north, south, west, east]
[19:33:20] [Worker-Main-5/WARN] (Minecraft) Exception loading blockstate definition: 'ls_furniture:bamboo_barrel/ls_furniture' for variant: 'facing=up,open=true': Unknown value: 'up' for blockstate property: 'facing' [north, south, west, east]
[19:33:20] [Worker-Main-5/WARN] (Minecraft) Exception loading blockstate definition: 'ls_furniture:bamboo_barrel/ls_furniture' for variant: 'facing=up,open=false': Unknown value: 'up' for blockstate property: 'facing' [north, south, west, east]
[19:33:20] [Worker-Main-5/WARN] (Minecraft) Exception loading blockstate definition: 'ls_furniture:bamboo_barrel/ls_furniture' for variant: 'facing=down,open=false': Unknown value: 'down' for blockstate property: 'facing' [north, south, west, east]
[19:33:20] [Worker-Main-3/WARN] (Minecraft) Exception loading blockstate definition: 'ls_furniture:birch_barrel/ls_furniture' for variant: 'facing=down,open=true': Unknown value: 'down' for blockstate property: 'facing' [north, south, west, east]
[19:33:20] [Worker-Main-3/WARN] (Minecraft) Exception loading blockstate definition: 'ls_furniture:birch_barrel/ls_furniture' for variant: 'facing=up,open=true': Unknown value: 'up' for blockstate property: 'facing' [north, south, west, east]
[19:33:20] [Worker-Main-3/WARN] (Minecraft) Exception loading blockstate definition: 'ls_furniture:birch_barrel/ls_furniture' for variant: 'facing=up,open=false': Unknown value: 'up' for blockstate property: 'facing' [north, south, west, east]
[19:33:20] [Worker-Main-3/WARN] (Minecraft) Exception loading blockstate definition: 'ls_furniture:birch_barrel/ls_furniture' for variant: 'facing=down,open=false': Unknown value: 'down' for blockstate property: 'facing' [north, south, west, east]
[19:33:21] [Worker-Main-3/WARN] (Minecraft) Exception loading blockstate definition: 'ls_furniture:cherry_barrel/ls_furniture' for variant: 'facing=down,open=true': Unknown value: 'down' for blockstate property: 'facing' [north, south, west, east]
[19:33:21] [Worker-Main-3/WARN] (Minecraft) Exception loading blockstate definition: 'ls_furniture:cherry_barrel/ls_furniture' for variant: 'facing=up,open=true': Unknown value: 'up' for blockstate property: 'facing' [north, south, west, east]
[19:33:21] [Worker-Main-3/WARN] (Minecraft) Exception loading blockstate definition: 'ls_furniture:cherry_barrel/ls_furniture' for variant: 'facing=up,open=false': Unknown value: 'up' for blockstate property: 'facing' [north, south, west, east]
[19:33:21] [Worker-Main-3/WARN] (Minecraft) Exception loading blockstate definition: 'ls_furniture:cherry_barrel/ls_furniture' for variant: 'facing=down,open=false': Unknown value: 'down' for blockstate property: 'facing' [north, south, west, east]
[19:33:21] [Worker-Main-2/WARN] (Minecraft) Exception loading blockstate definition: 'ls_furniture:crimson_barrel/ls_furniture' for variant: 'facing=down,open=true': Unknown value: 'down' for blockstate property: 'facing' [north, south, west, east]
[19:33:21] [Worker-Main-2/WARN] (Minecraft) Exception loading blockstate definition: 'ls_furniture:crimson_barrel/ls_furniture' for variant: 'facing=up,open=true': Unknown value: 'up' for blockstate property: 'facing' [north, south, west, east]
[19:33:21] [Worker-Main-2/WARN] (Minecraft) Exception loading blockstate definition: 'ls_furniture:crimson_barrel/ls_furniture' for variant: 'facing=up,open=false': Unknown value: 'up' for blockstate property: 'facing' [north, south, west, east]
[19:33:21] [Worker-Main-2/WARN] (Minecraft) Exception loading blockstate definition: 'ls_furniture:crimson_barrel/ls_furniture' for variant: 'facing=down,open=false': Unknown value: 'down' for blockstate property: 'facing' [north, south, west, east]
[19:33:21] [Worker-Main-6/INFO] (ls_core) Starting documentation reload from Minecraft data reload
[19:33:21] [Worker-Main-6/INFO] (ls_core) Found mods with documentation: []
[19:33:21] [Worker-Main-3/WARN] (Minecraft) Exception loading blockstate definition: 'ls_furniture:dark_oak_barrel/ls_furniture' for variant: 'facing=down,open=true': Unknown value: 'down' for blockstate property: 'facing' [north, south, west, east]
[19:33:21] [Worker-Main-3/WARN] (Minecraft) Exception loading blockstate definition: 'ls_furniture:dark_oak_barrel/ls_furniture' for variant: 'facing=up,open=true': Unknown value: 'up' for blockstate property: 'facing' [north, south, west, east]
[19:33:21] [Worker-Main-3/WARN] (Minecraft) Exception loading blockstate definition: 'ls_furniture:dark_oak_barrel/ls_furniture' for variant: 'facing=up,open=false': Unknown value: 'up' for blockstate property: 'facing' [north, south, west, east]
[19:33:21] [Worker-Main-3/WARN] (Minecraft) Exception loading blockstate definition: 'ls_furniture:dark_oak_barrel/ls_furniture' for variant: 'facing=down,open=false': Unknown value: 'down' for blockstate property: 'facing' [north, south, west, east]
[19:33:21] [Worker-Main-3/WARN] (Minecraft) Exception loading blockstate definition: 'ls_furniture:jungle_barrel/ls_furniture' for variant: 'facing=down,open=true': Unknown value: 'down' for blockstate property: 'facing' [north, south, west, east]
[19:33:21] [Worker-Main-3/WARN] (Minecraft) Exception loading blockstate definition: 'ls_furniture:jungle_barrel/ls_furniture' for variant: 'facing=up,open=true': Unknown value: 'up' for blockstate property: 'facing' [north, south, west, east]
[19:33:21] [Worker-Main-3/WARN] (Minecraft) Exception loading blockstate definition: 'ls_furniture:jungle_barrel/ls_furniture' for variant: 'facing=up,open=false': Unknown value: 'up' for blockstate property: 'facing' [north, south, west, east]
[19:33:21] [Worker-Main-3/WARN] (Minecraft) Exception loading blockstate definition: 'ls_furniture:jungle_barrel/ls_furniture' for variant: 'facing=down,open=false': Unknown value: 'down' for blockstate property: 'facing' [north, south, west, east]
[19:33:21] [Worker-Main-3/WARN] (Minecraft) Exception loading blockstate definition: 'ls_furniture:mangrove_barrel/ls_furniture' for variant: 'facing=down,open=true': Unknown value: 'down' for blockstate property: 'facing' [north, south, west, east]
[19:33:21] [Worker-Main-3/WARN] (Minecraft) Exception loading blockstate definition: 'ls_furniture:mangrove_barrel/ls_furniture' for variant: 'facing=up,open=true': Unknown value: 'up' for blockstate property: 'facing' [north, south, west, east]
[19:33:21] [Worker-Main-3/WARN] (Minecraft) Exception loading blockstate definition: 'ls_furniture:mangrove_barrel/ls_furniture' for variant: 'facing=up,open=false': Unknown value: 'up' for blockstate property: 'facing' [north, south, west, east]
[19:33:21] [Worker-Main-3/WARN] (Minecraft) Exception loading blockstate definition: 'ls_furniture:mangrove_barrel/ls_furniture' for variant: 'facing=down,open=false': Unknown value: 'down' for blockstate property: 'facing' [north, south, west, east]
[19:33:21] [Worker-Main-3/WARN] (Minecraft) Exception loading blockstate definition: 'ls_furniture:oak_barrel/ls_furniture' for variant: 'facing=down,open=true': Unknown value: 'down' for blockstate property: 'facing' [north, south, west, east]
[19:33:21] [Worker-Main-3/WARN] (Minecraft) Exception loading blockstate definition: 'ls_furniture:oak_barrel/ls_furniture' for variant: 'facing=up,open=true': Unknown value: 'up' for blockstate property: 'facing' [north, south, west, east]
[19:33:21] [Worker-Main-3/WARN] (Minecraft) Exception loading blockstate definition: 'ls_furniture:oak_barrel/ls_furniture' for variant: 'facing=up,open=false': Unknown value: 'up' for blockstate property: 'facing' [north, south, west, east]
[19:33:21] [Worker-Main-3/WARN] (Minecraft) Exception loading blockstate definition: 'ls_furniture:oak_barrel/ls_furniture' for variant: 'facing=down,open=false': Unknown value: 'down' for blockstate property: 'facing' [north, south, west, east]
[19:33:21] [Worker-Main-5/WARN] (Minecraft) Texture ls_furniture:block/handles/handle_warped with size 5x4 limits mip level from 4 to 0
[19:33:21] [Worker-Main-5/WARN] (Minecraft) minecraft:textures/atlas/blocks.png: dropping miplevel from 4 to 0, because of minimum power of two: 1
[19:33:21] [Worker-Main-5/WARN] (Minecraft) Exception loading blockstate definition: 'ls_furniture:spruce_barrel/ls_furniture' for variant: 'facing=down,open=true': Unknown value: 'down' for blockstate property: 'facing' [north, south, west, east]
[19:33:21] [Worker-Main-5/WARN] (Minecraft) Exception loading blockstate definition: 'ls_furniture:spruce_barrel/ls_furniture' for variant: 'facing=up,open=true': Unknown value: 'up' for blockstate property: 'facing' [north, south, west, east]
[19:33:21] [Worker-Main-5/WARN] (Minecraft) Exception loading blockstate definition: 'ls_furniture:spruce_barrel/ls_furniture' for variant: 'facing=up,open=false': Unknown value: 'up' for blockstate property: 'facing' [north, south, west, east]
[19:33:21] [Worker-Main-5/WARN] (Minecraft) Exception loading blockstate definition: 'ls_furniture:spruce_barrel/ls_furniture' for variant: 'facing=down,open=false': Unknown value: 'down' for blockstate property: 'facing' [north, south, west, east]
[19:33:21] [Worker-Main-1/WARN] (Minecraft) Exception loading blockstate definition: 'ls_furniture:warped_barrel/ls_furniture' for variant: 'facing=down,open=true': Unknown value: 'down' for blockstate property: 'facing' [north, south, west, east]
[19:33:21] [Worker-Main-1/WARN] (Minecraft) Exception loading blockstate definition: 'ls_furniture:warped_barrel/ls_furniture' for variant: 'facing=up,open=true': Unknown value: 'up' for blockstate property: 'facing' [north, south, west, east]
[19:33:21] [Worker-Main-1/WARN] (Minecraft) Exception loading blockstate definition: 'ls_furniture:warped_barrel/ls_furniture' for variant: 'facing=up,open=false': Unknown value: 'up' for blockstate property: 'facing' [north, south, west, east]
[19:33:21] [Worker-Main-1/WARN] (Minecraft) Exception loading blockstate definition: 'ls_furniture:warped_barrel/ls_furniture' for variant: 'facing=down,open=false': Unknown value: 'down' for blockstate property: 'facing' [north, south, west, east]
[19:33:23] [Worker-Main-1/WARN] (Minecraft) Missing block model: 'ls_furniture:item/bushes/bamboo_bush'
[19:33:23] [Worker-Main-1/WARN] (Minecraft) Missing block model: 'ls_furniture:item/rainbow_wool'
[19:33:24] [Worker-Main-1/WARN] (Minecraft) Unresolved texture references in ls_furniture:crimson_lamp#color=light_gray,facing=north,lit=true,powered=true,vertical=bottom,waterlogged=true:
	#north-> #all
	#east-> #all
	#south-> #all
	#down-> #all
	#west-> #all
	#up-> #all

[19:33:24] [Worker-Main-1/WARN] (Minecraft) Unresolved texture references in ls_furniture:crimson_lamp#color=light_gray,facing=north,lit=true,powered=true,vertical=bottom,waterlogged=true:
	#north-> #all
	#east-> #all
	#south-> #all
	#down-> #all
	#west-> #all
	#up-> #all

[19:33:24] [Worker-Main-1/WARN] (Minecraft) Unresolved texture references in ls_furniture:spruce_lamp#color=black,facing=down,lit=true,powered=true,vertical=bottom,waterlogged=true:
	#north-> #all
	#east-> #all
	#south-> #all
	#down-> #all
	#west-> #all
	#up-> #all

[19:33:24] [Worker-Main-1/WARN] (Minecraft) Unresolved texture references in ls_furniture:spruce_lamp#color=black,facing=down,lit=true,powered=true,vertical=bottom,waterlogged=true:
	#north-> #all
	#east-> #all
	#south-> #all
	#down-> #all
	#west-> #all
	#up-> #all

[19:33:24] [Worker-Main-1/WARN] (Minecraft) Unresolved texture references in ls_furniture:acacia_lamp#color=white,facing=south,lit=false,powered=true,vertical=middle,waterlogged=false:
	#north-> #all
	#east-> #all
	#south-> #all
	#down-> #all
	#west-> #all
	#up-> #all

[19:33:24] [Worker-Main-1/WARN] (Minecraft) Unresolved texture references in ls_furniture:acacia_lamp#color=white,facing=south,lit=false,powered=true,vertical=middle,waterlogged=false:
	#north-> #all
	#east-> #all
	#south-> #all
	#down-> #all
	#west-> #all
	#up-> #all

[19:33:24] [Worker-Main-1/WARN] (Minecraft) Unresolved texture references in ls_furniture:mangrove_lamp#color=magenta,facing=down,lit=false,powered=false,vertical=top,waterlogged=false:
	#north-> #all
	#east-> #all
	#south-> #all
	#down-> #all
	#west-> #all
	#up-> #all

[19:33:24] [Worker-Main-1/WARN] (Minecraft) Unresolved texture references in ls_furniture:mangrove_lamp#color=magenta,facing=down,lit=false,powered=false,vertical=top,waterlogged=false:
	#north-> #all
	#east-> #all
	#south-> #all
	#down-> #all
	#west-> #all
	#up-> #all

[19:33:24] [Worker-Main-1/WARN] (Minecraft) Unresolved texture references in ls_furniture:cherry_lamp#color=light_blue,facing=north,lit=true,powered=true,vertical=single,waterlogged=false:
	#north-> #all
	#east-> #all
	#south-> #all
	#down-> #all
	#west-> #all
	#up-> #all

[19:33:24] [Worker-Main-1/WARN] (Minecraft) Unresolved texture references in ls_furniture:cherry_lamp#color=light_blue,facing=north,lit=true,powered=true,vertical=single,waterlogged=false:
	#north-> #all
	#east-> #all
	#south-> #all
	#down-> #all
	#west-> #all
	#up-> #all

[19:33:24] [Worker-Main-1/WARN] (Minecraft) Unresolved texture references in ls_furniture:bamboo_lamp#color=default,facing=west,lit=false,powered=true,vertical=bottom,waterlogged=false:
	#north-> #all
	#east-> #all
	#south-> #all
	#down-> #all
	#west-> #all
	#up-> #all

[19:33:24] [Worker-Main-1/WARN] (Minecraft) Unresolved texture references in ls_furniture:bamboo_lamp#color=default,facing=west,lit=false,powered=true,vertical=bottom,waterlogged=false:
	#north-> #all
	#east-> #all
	#south-> #all
	#down-> #all
	#west-> #all
	#up-> #all

[19:33:24] [Worker-Main-1/WARN] (Minecraft) Unresolved texture references in ls_furniture:warped_lamp#color=default,facing=west,lit=true,powered=false,vertical=middle,waterlogged=false:
	#north-> #all
	#east-> #all
	#south-> #all
	#down-> #all
	#west-> #all
	#up-> #all

[19:33:24] [Worker-Main-1/WARN] (Minecraft) Unresolved texture references in ls_furniture:warped_lamp#color=default,facing=west,lit=true,powered=false,vertical=middle,waterlogged=false:
	#north-> #all
	#east-> #all
	#south-> #all
	#down-> #all
	#west-> #all
	#up-> #all

[19:33:24] [Worker-Main-1/WARN] (Minecraft) Unresolved texture references in ls_furniture:jungle_lamp#color=magenta,facing=down,lit=false,powered=false,vertical=single,waterlogged=true:
	#north-> #all
	#east-> #all
	#south-> #all
	#down-> #all
	#west-> #all
	#up-> #all

[19:33:24] [Worker-Main-1/WARN] (Minecraft) Unresolved texture references in ls_furniture:jungle_lamp#color=magenta,facing=down,lit=false,powered=false,vertical=single,waterlogged=true:
	#north-> #all
	#east-> #all
	#south-> #all
	#down-> #all
	#west-> #all
	#up-> #all

[19:33:24] [Worker-Main-1/WARN] (Minecraft) Unresolved texture references in ls_furniture:oak_lamp#color=purple,facing=south,lit=false,powered=true,vertical=single,waterlogged=false:
	#north-> #all
	#east-> #all
	#south-> #all
	#down-> #all
	#west-> #all
	#up-> #all

[19:33:24] [Worker-Main-1/WARN] (Minecraft) Unresolved texture references in ls_furniture:oak_lamp#color=purple,facing=south,lit=false,powered=true,vertical=single,waterlogged=false:
	#north-> #all
	#east-> #all
	#south-> #all
	#down-> #all
	#west-> #all
	#up-> #all

[19:33:24] [Worker-Main-1/WARN] (Minecraft) Unresolved texture references in ls_furniture:birch_lamp#color=yellow,facing=north,lit=true,powered=true,vertical=top,waterlogged=true:
	#north-> #all
	#east-> #all
	#south-> #all
	#down-> #all
	#west-> #all
	#up-> #all

[19:33:24] [Worker-Main-1/WARN] (Minecraft) Unresolved texture references in ls_furniture:birch_lamp#color=yellow,facing=north,lit=true,powered=true,vertical=top,waterlogged=true:
	#north-> #all
	#east-> #all
	#south-> #all
	#down-> #all
	#west-> #all
	#up-> #all

[19:33:24] [Worker-Main-1/WARN] (Minecraft) Unresolved texture references in ls_furniture:dark_oak_lamp#color=pink,facing=west,lit=true,powered=false,vertical=single,waterlogged=true:
	#north-> #all
	#east-> #all
	#south-> #all
	#down-> #all
	#west-> #all
	#up-> #all

[19:33:24] [Worker-Main-1/WARN] (Minecraft) Unresolved texture references in ls_furniture:dark_oak_lamp#color=pink,facing=west,lit=true,powered=false,vertical=single,waterlogged=true:
	#north-> #all
	#east-> #all
	#south-> #all
	#down-> #all
	#west-> #all
	#up-> #all

[19:33:26] [Worker-Main-1/WARN] (Minecraft) Unresolved texture references in ls_furniture:dark_oak_lamp#inventory:
	#north-> #all
	#east-> #all
	#south-> #all
	#down-> #all
	#west-> #all
	#up-> #all

[19:33:26] [Worker-Main-1/WARN] (Minecraft) Unresolved texture references in ls_furniture:warped_lamp#inventory:
	#north-> #all
	#east-> #all
	#south-> #all
	#down-> #all
	#west-> #all
	#up-> #all

[19:33:26] [Worker-Main-1/WARN] (Minecraft) Unresolved texture references in ls_furniture:bamboo_lamp#inventory:
	#north-> #all
	#east-> #all
	#south-> #all
	#down-> #all
	#west-> #all
	#up-> #all

[19:33:26] [Worker-Main-1/WARN] (Minecraft) Unresolved texture references in ls_furniture:spruce_lamp#inventory:
	#north-> #all
	#east-> #all
	#south-> #all
	#down-> #all
	#west-> #all
	#up-> #all

[19:33:26] [Worker-Main-1/WARN] (Minecraft) Unresolved texture references in ls_furniture:oak_lamp#inventory:
	#north-> #all
	#east-> #all
	#south-> #all
	#down-> #all
	#west-> #all
	#up-> #all

[19:33:26] [Worker-Main-1/WARN] (Minecraft) Unresolved texture references in ls_furniture:jungle_lamp#inventory:
	#north-> #all
	#east-> #all
	#south-> #all
	#down-> #all
	#west-> #all
	#up-> #all

[19:33:26] [Worker-Main-1/WARN] (Minecraft) Unresolved texture references in ls_furniture:crimson_lamp#inventory:
	#north-> #all
	#east-> #all
	#south-> #all
	#down-> #all
	#west-> #all
	#up-> #all

[19:33:26] [Worker-Main-1/WARN] (Minecraft) Unresolved texture references in ls_furniture:acacia_lamp#inventory:
	#north-> #all
	#east-> #all
	#south-> #all
	#down-> #all
	#west-> #all
	#up-> #all

[19:33:26] [Worker-Main-1/WARN] (Minecraft) Unresolved texture references in ls_furniture:cherry_lamp#inventory:
	#north-> #all
	#east-> #all
	#south-> #all
	#down-> #all
	#west-> #all
	#up-> #all

[19:33:26] [Worker-Main-1/WARN] (Minecraft) Unresolved texture references in ls_furniture:birch_lamp#inventory:
	#north-> #all
	#east-> #all
	#south-> #all
	#down-> #all
	#west-> #all
	#up-> #all

[19:33:26] [Worker-Main-1/WARN] (Minecraft) Unresolved texture references in ls_furniture:mangrove_lamp#inventory:
	#north-> #all
	#east-> #all
	#south-> #all
	#down-> #all
	#west-> #all
	#up-> #all

[19:33:26] [Worker-Main-1/WARN] (Minecraft) Missing textures in model ls_furniture:jungle_chest#inventory:
    minecraft:textures/atlas/blocks.png:minecraft:block/jugle_planks
[19:33:26] [Worker-Main-1/WARN] (Minecraft) Missing texture references in model ls_furniture:bamboo_roof_shallow#facing=east,half=bottom,is_double=true,shape=inner_right,waterlogged=false:
    #missing
[19:33:26] [Worker-Main-1/WARN] (Minecraft) Missing texture references in model ls_furniture:warped_roof#facing=south,half=bottom,shape=inner_left,waterlogged=false:
    #missing
[19:33:26] [Worker-Main-1/WARN] (Minecraft) Missing texture references in model ls_furniture:dark_oak_sofa#color=gray,facing=east,type=right,waterlogged=true:
    #0
    particle
[19:33:26] [Worker-Main-1/WARN] (Minecraft) Missing texture references in model ls_furniture:birch_roof_shallow#facing=north,half=bottom,is_double=true,shape=inner_right,waterlogged=false:
    #missing
[19:33:26] [Worker-Main-1/WARN] (Minecraft) Missing texture references in model ls_furniture:warped_roof_shallow#facing=east,half=bottom,is_double=true,shape=inner_right,waterlogged=true:
    #missing
[19:33:26] [Worker-Main-1/WARN] (Minecraft) Missing texture references in model ls_furniture:cherry_roof#facing=north,half=bottom,shape=inner_left,waterlogged=true:
    #missing
[19:33:26] [Worker-Main-1/WARN] (Minecraft) Missing texture references in model ls_furniture:jungle_roof_shallow#facing=east,half=bottom,is_double=false,shape=inner_left,waterlogged=false:
    #missing
[19:33:26] [Worker-Main-1/WARN] (Minecraft) Missing texture references in model ls_furniture:acacia_hollow_stripped_log#inventory:
    #missing
[19:33:26] [Worker-Main-1/WARN] (Minecraft) Missing texture references in model ls_furniture:dark_oak_hollow_log#axis=z,waterlogged=true:
    #missing
[19:33:26] [Worker-Main-1/WARN] (Minecraft) Missing texture references in model ls_furniture:bamboo_hollow_stripped_block#inventory:
    #missing
[19:33:26] [Worker-Main-1/WARN] (Minecraft) Missing texture references in model ls_furniture:cherry_roof_shallow#facing=west,half=top,is_double=true,shape=inner_right,waterlogged=false:
    #missing
[19:33:26] [Worker-Main-1/WARN] (Minecraft) Missing texture references in model ls_furniture:oak_roof_shallow#facing=north,half=bottom,is_double=false,shape=inner_left,waterlogged=false:
    #missing
[19:33:26] [Worker-Main-1/WARN] (Minecraft) Missing texture references in model ls_furniture:dark_oak_roof_shallow#facing=north,half=top,is_double=false,shape=inner_right,waterlogged=false:
    #missing
[19:33:26] [Worker-Main-1/WARN] (Minecraft) Missing texture references in model ls_furniture:dark_oak_roof#facing=south,half=top,shape=inner_left,waterlogged=false:
    #missing
[19:33:26] [Worker-Main-1/WARN] (Minecraft) Missing texture references in model ls_furniture:crimson_roof_shallow#facing=west,half=top,is_double=false,shape=inner_right,waterlogged=true:
    #missing
[19:33:26] [Worker-Main-1/WARN] (Minecraft) Missing texture references in model ls_furniture:spruce_roof#facing=south,half=top,shape=inner_right,waterlogged=false:
    #missing
[19:33:26] [Worker-Main-1/WARN] (Minecraft) Missing texture references in model ls_furniture:bamboo_hollow_block#inventory:
    #missing
[19:33:26] [Worker-Main-1/WARN] (Minecraft) Missing texture references in model ls_furniture:jungle_furniture_pack#inventory:
    particle
[19:33:26] [Worker-Main-1/WARN] (Minecraft) Missing texture references in model ls_furniture:cherry_roof_shallow#facing=east,half=bottom,is_double=false,shape=inner_right,waterlogged=false:
    #missing
[19:33:26] [Worker-Main-1/WARN] (Minecraft) Missing texture references in model ls_furniture:oak_roof#facing=north,half=top,shape=inner_right,waterlogged=false:
    #missing
[19:33:26] [Worker-Main-1/WARN] (Minecraft) Missing texture references in model ls_furniture:warped_hollow_stem#axis=y,waterlogged=true:
    #missing
[19:33:26] [Worker-Main-1/WARN] (Minecraft) Missing texture references in model ls_furniture:birch_roof_shallow#facing=south,half=bottom,is_double=false,shape=inner_left,waterlogged=false:
    #missing
[19:33:26] [Worker-Main-1/WARN] (Minecraft) Missing texture references in model ls_furniture:acacia_roof_shallow#facing=west,half=top,is_double=true,shape=inner_left,waterlogged=true:
    #missing
[19:33:26] [Worker-Main-1/WARN] (Minecraft) Missing texture references in model ls_furniture:crimson_roof#facing=west,half=top,shape=inner_right,waterlogged=false:
    #missing
[19:33:26] [Worker-Main-1/WARN] (Minecraft) Missing texture references in model ls_furniture:mangrove_roof_shallow#facing=north,half=top,is_double=false,shape=inner_left,waterlogged=false:
    #missing
[19:33:26] [Worker-Main-1/WARN] (Minecraft) Missing texture references in model ls_furniture:crimson_roof_shallow#facing=west,half=bottom,is_double=true,shape=inner_left,waterlogged=true:
    #missing
[19:33:26] [Worker-Main-1/WARN] (Minecraft) Missing texture references in model ls_furniture:crimson_furniture_pack#inventory:
    particle
[19:33:26] [Worker-Main-1/WARN] (Minecraft) Missing texture references in model ls_furniture:bamboo_roof_shallow#facing=west,half=bottom,is_double=true,shape=inner_left,waterlogged=false:
    #missing
[19:33:26] [Worker-Main-1/WARN] (Minecraft) Missing texture references in model ls_furniture:dark_oak_roof_shallow#facing=south,half=top,is_double=false,shape=inner_right,waterlogged=false:
    #missing
[19:33:26] [Worker-Main-1/WARN] (Minecraft) Missing texture references in model ls_furniture:birch_hollow_log#axis=y,waterlogged=true:
    #missing
[19:33:26] [Worker-Main-1/WARN] (Minecraft) Missing texture references in model ls_furniture:crimson_roof_shallow#facing=east,half=bottom,is_double=false,shape=inner_left,waterlogged=true:
    #missing
[19:33:26] [Worker-Main-1/WARN] (Minecraft) Missing texture references in model ls_furniture:spruce_roof_shallow#facing=north,half=bottom,is_double=true,shape=inner_right,waterlogged=false:
    #missing
[19:33:26] [Worker-Main-1/WARN] (Minecraft) Missing texture references in model ls_furniture:mangrove_hollow_log#inventory:
    #missing
[19:33:26] [Worker-Main-1/WARN] (Minecraft) Missing texture references in model ls_furniture:oak_roof#facing=north,half=bottom,shape=inner_right,waterlogged=true:
    #missing
[19:33:26] [Worker-Main-1/WARN] (Minecraft) Missing texture references in model ls_furniture:bamboo_roof_shallow#facing=south,half=top,is_double=true,shape=inner_left,waterlogged=true:
    #missing
[19:33:26] [Worker-Main-1/WARN] (Minecraft) Missing texture references in model ls_furniture:dark_oak_hollow_log#axis=y,waterlogged=false:
    #missing
[19:33:26] [Worker-Main-1/WARN] (Minecraft) Missing texture references in model ls_furniture:oak_hollow_log#axis=x,waterlogged=false:
    #missing
[19:33:26] [Worker-Main-1/WARN] (Minecraft) Missing texture references in model ls_furniture:dark_oak_roof_shallow#facing=north,half=bottom,is_double=false,shape=inner_left,waterlogged=false:
    #missing
[19:33:26] [Worker-Main-1/WARN] (Minecraft) Missing texture references in model ls_furniture:warped_hollow_stripped_stem#inventory:
    #missing
[19:33:26] [Worker-Main-1/WARN] (Minecraft) Missing texture references in model ls_furniture:spruce_roof_shallow#facing=east,half=bottom,is_double=false,shape=inner_left,waterlogged=true:
    #missing
[19:33:26] [Worker-Main-1/WARN] (Minecraft) Missing texture references in model ls_furniture:crimson_hollow_stripped_stem#inventory:
    #missing
[19:33:26] [Worker-Main-1/WARN] (Minecraft) Missing texture references in model ls_furniture:cherry_roof_shallow#facing=north,half=bottom,is_double=false,shape=inner_left,waterlogged=true:
    #missing
[19:33:26] [Worker-Main-1/WARN] (Minecraft) Missing texture references in model ls_furniture:cherry_roof_shallow#facing=north,half=bottom,is_double=true,shape=inner_right,waterlogged=true:
    #missing
[19:33:26] [Worker-Main-1/WARN] (Minecraft) Missing texture references in model ls_furniture:warped_roof#facing=east,half=bottom,shape=inner_left,waterlogged=true:
    #missing
[19:33:26] [Worker-Main-1/WARN] (Minecraft) Missing texture references in model ls_furniture:mangrove_roof_shallow#facing=south,half=bottom,is_double=false,shape=inner_left,waterlogged=false:
    #missing
[19:33:26] [Worker-Main-1/WARN] (Minecraft) Missing texture references in model ls_furniture:spruce_roof_shallow#facing=east,half=top,is_double=false,shape=inner_left,waterlogged=false:
    #missing
[19:33:26] [Worker-Main-1/WARN] (Minecraft) Missing texture references in model ls_furniture:oak_roof#facing=south,half=bottom,shape=inner_right,waterlogged=true:
    #missing
[19:33:26] [Worker-Main-1/WARN] (Minecraft) Missing texture references in model ls_furniture:bamboo_roof_shallow#facing=west,half=bottom,is_double=true,shape=inner_right,waterlogged=true:
    #missing
[19:33:26] [Worker-Main-1/WARN] (Minecraft) Missing texture references in model ls_furniture:acacia_hollow_log#axis=z,waterlogged=false:
    #missing
[19:33:26] [Worker-Main-1/WARN] (Minecraft) Missing texture references in model ls_furniture:crimson_roof_shallow#facing=west,half=top,is_double=false,shape=inner_left,waterlogged=true:
    #missing
[19:33:26] [Worker-Main-1/WARN] (Minecraft) Missing texture references in model ls_furniture:jungle_roof_shallow#facing=east,half=top,is_double=true,shape=inner_right,waterlogged=false:
    #missing
[19:33:26] [Worker-Main-1/WARN] (Minecraft) Missing texture references in model ls_furniture:jungle_roof#facing=north,half=top,shape=inner_left,waterlogged=false:
    #missing
[19:33:26] [Worker-Main-1/WARN] (Minecraft) Missing texture references in model ls_furniture:kettle#facing=west,waterlogged=true:
    #missing
[19:33:26] [Worker-Main-1/WARN] (Minecraft) Missing texture references in model ls_furniture:mangrove_roof_shallow#facing=north,half=top,is_double=false,shape=inner_right,waterlogged=true:
    #missing
[19:33:26] [Worker-Main-1/WARN] (Minecraft) Missing texture references in model ls_furniture:warped_roof_shallow#facing=east,half=top,is_double=true,shape=inner_right,waterlogged=false:
    #missing
[19:33:26] [Worker-Main-1/WARN] (Minecraft) Missing texture references in model ls_furniture:birch_roof_shallow#facing=north,half=top,is_double=false,shape=inner_right,waterlogged=true:
    #missing
[19:33:26] [Worker-Main-1/WARN] (Minecraft) Missing texture references in model ls_furniture:jungle_roof_shallow#facing=north,half=top,is_double=false,shape=inner_left,waterlogged=false:
    #missing
[19:33:26] [Worker-Main-1/WARN] (Minecraft) Missing texture references in model ls_furniture:acacia_roof#facing=east,half=bottom,shape=inner_right,waterlogged=true:
    #missing
[19:33:26] [Worker-Main-1/WARN] (Minecraft) Missing texture references in model ls_furniture:cherry_hollow_stripped_log#axis=z,waterlogged=true:
    #missing
[19:33:26] [Worker-Main-1/WARN] (Minecraft) Missing texture references in model ls_furniture:acacia_roof_shallow#facing=north,half=bottom,is_double=false,shape=inner_left,waterlogged=true:
    #missing
[19:33:26] [Worker-Main-1/WARN] (Minecraft) Missing texture references in model ls_furniture:crimson_roof_shallow#facing=north,half=top,is_double=true,shape=inner_right,waterlogged=false:
    #missing
[19:33:26] [Worker-Main-1/WARN] (Minecraft) Missing texture references in model ls_furniture:dark_oak_roof_shallow#facing=south,half=bottom,is_double=false,shape=inner_left,waterlogged=true:
    #missing
[19:33:26] [Worker-Main-1/WARN] (Minecraft) Missing texture references in model ls_furniture:dark_oak_roof_shallow#facing=south,half=bottom,is_double=false,shape=inner_right,waterlogged=true:
    #missing
[19:33:26] [Worker-Main-1/WARN] (Minecraft) Missing texture references in model ls_furniture:birch_roof_shallow#facing=north,half=top,is_double=false,shape=inner_left,waterlogged=false:
    #missing
[19:33:26] [Worker-Main-1/WARN] (Minecraft) Missing texture references in model ls_furniture:spruce_roof#facing=south,half=top,shape=inner_left,waterlogged=false:
    #missing
[19:33:26] [Worker-Main-1/WARN] (Minecraft) Missing texture references in model ls_furniture:acacia_furniture_pack#inventory:
    particle
[19:33:26] [Worker-Main-1/WARN] (Minecraft) Missing texture references in model ls_furniture:bamboo_roof_shallow#facing=east,half=bottom,is_double=false,shape=inner_left,waterlogged=true:
    #missing
[19:33:26] [Worker-Main-1/WARN] (Minecraft) Missing texture references in model ls_furniture:oak_hollow_log#inventory:
    #missing
[19:33:26] [Worker-Main-1/WARN] (Minecraft) Missing texture references in model ls_furniture:cherry_furniture_pack#inventory:
    particle
[19:33:26] [Worker-Main-1/WARN] (Minecraft) Missing texture references in model ls_furniture:crimson_roof#facing=east,half=bottom,shape=inner_right,waterlogged=true:
    #missing
[19:33:26] [Worker-Main-1/WARN] (Minecraft) Missing texture references in model ls_furniture:bamboo_hollow_block#axis=x,waterlogged=false:
    #missing
[19:33:26] [Worker-Main-1/WARN] (Minecraft) Missing texture references in model ls_furniture:warped_roof_shallow#facing=north,half=bottom,is_double=true,shape=inner_left,waterlogged=true:
    #missing
[19:33:26] [Worker-Main-1/WARN] (Minecraft) Missing texture references in model ls_furniture:acacia_roof_shallow#facing=east,half=top,is_double=false,shape=inner_right,waterlogged=false:
    #missing
[19:33:26] [Worker-Main-1/WARN] (Minecraft) Missing texture references in model ls_furniture:oak_roof_shallow#facing=west,half=top,is_double=false,shape=inner_left,waterlogged=true:
    #missing
[19:33:26] [Worker-Main-1/WARN] (Minecraft) Missing texture references in model ls_furniture:spruce_hollow_log#axis=z,waterlogged=false:
    #missing
[19:33:26] [Worker-Main-1/WARN] (Minecraft) Missing texture references in model ls_furniture:bamboo_hollow_block#axis=z,waterlogged=false:
    #missing
[19:33:26] [Worker-Main-1/WARN] (Minecraft) Missing texture references in model ls_furniture:jungle_hollow_stripped_log#axis=x,waterlogged=false:
    #missing
[19:33:26] [Worker-Main-1/WARN] (Minecraft) Missing texture references in model ls_furniture:crimson_roof#facing=south,half=bottom,shape=inner_right,waterlogged=false:
    #missing
[19:33:26] [Worker-Main-1/WARN] (Minecraft) Missing texture references in model ls_furniture:crimson_hollow_stem#axis=z,waterlogged=true:
    #missing
[19:33:26] [Worker-Main-1/WARN] (Minecraft) Missing texture references in model ls_furniture:acacia_hollow_stripped_log#axis=x,waterlogged=false:
    #missing
[19:33:26] [Worker-Main-1/WARN] (Minecraft) Missing texture references in model ls_furniture:bamboo_roof#facing=west,half=bottom,shape=inner_left,waterlogged=false:
    #missing
[19:33:26] [Worker-Main-1/WARN] (Minecraft) Missing texture references in model ls_furniture:warped_roof_shallow#facing=west,half=top,is_double=true,shape=inner_right,waterlogged=true:
    #missing
[19:33:26] [Worker-Main-1/WARN] (Minecraft) Missing texture references in model ls_furniture:spruce_roof_shallow#facing=west,half=top,is_double=false,shape=inner_left,waterlogged=false:
    #missing
[19:33:26] [Worker-Main-1/WARN] (Minecraft) Missing texture references in model ls_furniture:spruce_roof#facing=west,half=bottom,shape=inner_right,waterlogged=true:
    #missing
[19:33:26] [Worker-Main-1/WARN] (Minecraft) Missing texture references in model ls_furniture:acacia_roof_shallow#facing=north,half=bottom,is_double=false,shape=inner_right,waterlogged=false:
    #missing
[19:33:26] [Worker-Main-1/WARN] (Minecraft) Missing texture references in model ls_furniture:spruce_roof#facing=north,half=top,shape=inner_right,waterlogged=false:
    #missing
[19:33:26] [Worker-Main-1/WARN] (Minecraft) Missing texture references in model ls_furniture:birch_roof_shallow#facing=west,half=bottom,is_double=false,shape=inner_right,waterlogged=true:
    #missing
[19:33:26] [Worker-Main-1/WARN] (Minecraft) Missing texture references in model ls_furniture:jungle_roof_shallow#facing=south,half=bottom,is_double=true,shape=inner_right,waterlogged=false:
    #missing
[19:33:26] [Worker-Main-1/WARN] (Minecraft) Missing texture references in model ls_furniture:warped_roof#facing=west,half=bottom,shape=inner_left,waterlogged=true:
    #missing
[19:33:26] [Worker-Main-1/WARN] (Minecraft) Missing texture references in model ls_furniture:acacia_roof#facing=south,half=top,shape=inner_right,waterlogged=true:
    #missing
[19:33:26] [Worker-Main-1/WARN] (Minecraft) Missing texture references in model ls_furniture:mangrove_roof_shallow#facing=east,half=top,is_double=false,shape=inner_right,waterlogged=false:
    #missing
[19:33:26] [Worker-Main-1/WARN] (Minecraft) Missing texture references in model ls_furniture:acacia_roof_shallow#facing=east,half=bottom,is_double=true,shape=inner_left,waterlogged=true:
    #missing
[19:33:26] [Worker-Main-1/WARN] (Minecraft) Missing texture references in model ls_furniture:crimson_roof_shallow#facing=west,half=bottom,is_double=false,shape=inner_right,waterlogged=false:
    #missing
[19:33:26] [Worker-Main-1/WARN] (Minecraft) Missing texture references in model ls_furniture:birch_furniture_pack#inventory:
    particle
[19:33:26] [Worker-Main-1/WARN] (Minecraft) Missing texture references in model ls_furniture:birch_hollow_stripped_log#axis=y,waterlogged=true:
    #missing
[19:33:26] [Worker-Main-1/WARN] (Minecraft) Missing texture references in model ls_furniture:jungle_roof#facing=south,half=bottom,shape=inner_right,waterlogged=false:
    #missing
[19:33:26] [Worker-Main-1/WARN] (Minecraft) Missing texture references in model ls_furniture:cherry_roof#facing=east,half=top,shape=inner_right,waterlogged=true:
    #missing
[19:33:26] [Worker-Main-1/WARN] (Minecraft) Missing texture references in model ls_furniture:warped_roof_shallow#facing=east,half=bottom,is_double=false,shape=inner_right,waterlogged=false:
    #missing
[19:33:26] [Worker-Main-1/WARN] (Minecraft) Missing texture references in model ls_furniture:warped_hollow_stripped_stem#axis=y,waterlogged=false:
    #missing
[19:33:26] [Worker-Main-1/WARN] (Minecraft) Missing texture references in model ls_furniture:oak_roof_shallow#facing=east,half=bottom,is_double=false,shape=inner_left,waterlogged=true:
    #missing
[19:33:26] [Worker-Main-1/WARN] (Minecraft) Missing texture references in model ls_furniture:oak_roof_shallow#facing=west,half=bottom,is_double=false,shape=inner_left,waterlogged=false:
    #missing
[19:33:26] [Worker-Main-1/WARN] (Minecraft) Missing texture references in model ls_furniture:birch_stool#color=green,facing=east,tucked=true,waterlogged=true:
    #0
    particle
[19:33:26] [Worker-Main-1/WARN] (Minecraft) Missing texture references in model ls_furniture:oak_roof_shallow#facing=west,half=bottom,is_double=true,shape=inner_left,waterlogged=false:
    #missing
[19:33:26] [Worker-Main-1/WARN] (Minecraft) Missing texture references in model ls_furniture:spruce_hollow_log#axis=x,waterlogged=false:
    #missing
[19:33:26] [Worker-Main-1/WARN] (Minecraft) Missing texture references in model ls_furniture:warped_roof_shallow#facing=north,half=bottom,is_double=false,shape=inner_right,waterlogged=true:
    #missing
[19:33:26] [Worker-Main-1/WARN] (Minecraft) Missing texture references in model ls_furniture:crimson_roof_shallow#facing=north,half=bottom,is_double=true,shape=inner_left,waterlogged=false:
    #missing
[19:33:26] [Worker-Main-1/WARN] (Minecraft) Missing texture references in model ls_furniture:bamboo_roof_shallow#facing=north,half=top,is_double=true,shape=inner_right,waterlogged=false:
    #missing
[19:33:26] [Worker-Main-1/WARN] (Minecraft) Missing texture references in model ls_furniture:jungle_hollow_stripped_log#inventory:
    #missing
[19:33:26] [Worker-Main-1/WARN] (Minecraft) Missing texture references in model ls_furniture:oak_roof_shallow#facing=south,half=top,is_double=true,shape=inner_right,waterlogged=false:
    #missing
[19:33:26] [Worker-Main-1/WARN] (Minecraft) Missing texture references in model ls_furniture:cherry_roof_shallow#facing=east,half=top,is_double=true,shape=inner_left,waterlogged=false:
    #missing
[19:33:26] [Worker-Main-1/WARN] (Minecraft) Missing texture references in model ls_furniture:jungle_roof_shallow#facing=west,half=bottom,is_double=false,shape=inner_left,waterlogged=true:
    #missing
[19:33:26] [Worker-Main-1/WARN] (Minecraft) Missing texture references in model ls_furniture:mangrove_hollow_stripped_log#axis=y,waterlogged=true:
    #missing
[19:33:26] [Worker-Main-1/WARN] (Minecraft) Missing texture references in model ls_furniture:jungle_roof_shallow#facing=south,half=bottom,is_double=false,shape=inner_left,waterlogged=true:
    #missing
[19:33:26] [Worker-Main-1/WARN] (Minecraft) Missing texture references in model ls_furniture:mangrove_roof_shallow#facing=west,half=bottom,is_double=true,shape=inner_right,waterlogged=true:
    #missing
[19:33:26] [Worker-Main-1/WARN] (Minecraft) Missing texture references in model ls_furniture:warped_roof_shallow#facing=west,half=top,is_double=true,shape=inner_left,waterlogged=false:
    #missing
[19:33:26] [Worker-Main-1/WARN] (Minecraft) Missing texture references in model ls_furniture:acacia_hollow_log#axis=x,waterlogged=false:
    #missing
[19:33:26] [Worker-Main-1/WARN] (Minecraft) Missing texture references in model ls_furniture:oak_roof_shallow#facing=north,half=top,is_double=true,shape=inner_left,waterlogged=true:
    #missing
[19:33:26] [Worker-Main-1/WARN] (Minecraft) Missing texture references in model ls_furniture:cherry_hollow_stripped_log#inventory:
    #missing
[19:33:26] [Worker-Main-1/WARN] (Minecraft) Missing texture references in model ls_furniture:bamboo_roof_shallow#facing=east,half=top,is_double=false,shape=inner_left,waterlogged=false:
    #missing
[19:33:26] [Worker-Main-1/WARN] (Minecraft) Missing texture references in model ls_furniture:bamboo_roof_shallow#facing=west,half=bottom,is_double=false,shape=inner_right,waterlogged=false:
    #missing
[19:33:26] [Worker-Main-1/WARN] (Minecraft) Missing texture references in model ls_furniture:mangrove_roof_shallow#facing=west,half=bottom,is_double=true,shape=inner_left,waterlogged=false:
    #missing
[19:33:26] [Worker-Main-1/WARN] (Minecraft) Missing texture references in model ls_furniture:acacia_roof_shallow#facing=south,half=bottom,is_double=false,shape=inner_right,waterlogged=false:
    #missing
[19:33:26] [Worker-Main-1/WARN] (Minecraft) Missing texture references in model ls_furniture:mangrove_roof_shallow#facing=east,half=top,is_double=true,shape=inner_left,waterlogged=false:
    #missing
[19:33:26] [Worker-Main-1/WARN] (Minecraft) Missing texture references in model ls_furniture:birch_roof_shallow#facing=east,half=bottom,is_double=false,shape=inner_left,waterlogged=false:
    #missing
[19:33:26] [Worker-Main-1/WARN] (Minecraft) Missing texture references in model ls_furniture:mangrove_hollow_log#axis=x,waterlogged=true:
    #missing
[19:33:26] [Worker-Main-1/WARN] (Minecraft) Missing texture references in model ls_furniture:acacia_roof#facing=east,half=top,shape=inner_left,waterlogged=true:
    #missing
[19:33:26] [Worker-Main-1/WARN] (Minecraft) Missing texture references in model ls_furniture:cherry_roof_shallow#facing=east,half=bottom,is_double=true,shape=inner_right,waterlogged=false:
    #missing
[19:33:26] [Worker-Main-1/WARN] (Minecraft) Missing texture references in model ls_furniture:jungle_hollow_log#inventory:
    #missing
[19:33:26] [Worker-Main-1/WARN] (Minecraft) Missing texture references in model ls_furniture:oak_roof_shallow#facing=west,half=top,is_double=false,shape=inner_right,waterlogged=false:
    #missing
[19:33:26] [Worker-Main-1/WARN] (Minecraft) Missing texture references in model ls_furniture:cherry_roof_shallow#facing=east,half=top,is_double=false,shape=inner_left,waterlogged=true:
    #missing
[19:33:26] [Worker-Main-1/WARN] (Minecraft) Missing texture references in model ls_furniture:birch_roof#facing=south,half=bottom,shape=inner_right,waterlogged=false:
    #missing
[19:33:26] [Worker-Main-1/WARN] (Minecraft) Missing texture references in model ls_furniture:mangrove_hollow_stripped_log#axis=x,waterlogged=false:
    #missing
[19:33:26] [Worker-Main-1/WARN] (Minecraft) Missing texture references in model ls_furniture:acacia_roof_shallow#facing=north,half=top,is_double=false,shape=inner_right,waterlogged=true:
    #missing
[19:33:26] [Worker-Main-1/WARN] (Minecraft) Missing texture references in model ls_furniture:birch_roof_shallow#facing=west,half=bottom,is_double=false,shape=inner_left,waterlogged=true:
    #missing
[19:33:26] [Worker-Main-1/WARN] (Minecraft) Missing texture references in model ls_furniture:bamboo_roof#facing=east,half=top,shape=inner_right,waterlogged=false:
    #missing
[19:33:26] [Worker-Main-1/WARN] (Minecraft) Missing texture references in model ls_furniture:bamboo_roof#facing=north,half=bottom,shape=inner_left,waterlogged=false:
    #missing
[19:33:26] [Worker-Main-1/WARN] (Minecraft) Missing texture references in model ls_furniture:cherry_roof#facing=east,half=top,shape=inner_left,waterlogged=true:
    #missing
[19:33:26] [Worker-Main-1/WARN] (Minecraft) Missing texture references in model ls_furniture:spruce_roof_shallow#facing=east,half=bottom,is_double=true,shape=inner_right,waterlogged=true:
    #missing
[19:33:26] [Worker-Main-1/WARN] (Minecraft) Missing texture references in model ls_furniture:crimson_roof_shallow#facing=south,half=top,is_double=true,shape=inner_right,waterlogged=false:
    #missing
[19:33:26] [Worker-Main-1/WARN] (Minecraft) Missing texture references in model ls_furniture:bamboo_furniture_pack#inventory:
    particle
[19:33:26] [Worker-Main-1/WARN] (Minecraft) Missing texture references in model ls_furniture:warped_roof_shallow#facing=east,half=top,is_double=true,shape=inner_left,waterlogged=false:
    #missing
[19:33:26] [Worker-Main-1/WARN] (Minecraft) Missing texture references in model ls_furniture:warped_roof#facing=west,half=top,shape=inner_left,waterlogged=true:
    #missing
[19:33:26] [Worker-Main-1/WARN] (Minecraft) Missing texture references in model ls_furniture:crimson_roof#facing=east,half=top,shape=inner_right,waterlogged=true:
    #missing
[19:33:26] [Worker-Main-1/WARN] (Minecraft) Missing texture references in model ls_furniture:spruce_roof_shallow#facing=east,half=top,is_double=true,shape=inner_left,waterlogged=true:
    #missing
[19:33:26] [Worker-Main-1/WARN] (Minecraft) Missing texture references in model ls_furniture:dark_oak_hollow_stripped_log#axis=y,waterlogged=false:
    #missing
[19:33:26] [Worker-Main-1/WARN] (Minecraft) Missing texture references in model ls_furniture:oak_roof_shallow#facing=east,half=bottom,is_double=true,shape=inner_left,waterlogged=false:
    #missing
[19:33:26] [Worker-Main-1/WARN] (Minecraft) Missing texture references in model ls_furniture:spruce_roof#facing=south,half=bottom,shape=inner_right,waterlogged=true:
    #missing
[19:33:26] [Worker-Main-1/WARN] (Minecraft) Missing texture references in model ls_furniture:cherry_roof_shallow#facing=north,half=bottom,is_double=true,shape=inner_left,waterlogged=true:
    #missing
[19:33:26] [Worker-Main-1/WARN] (Minecraft) Missing texture references in model ls_furniture:dark_oak_roof_shallow#facing=north,half=bottom,is_double=true,shape=inner_left,waterlogged=true:
    #missing
[19:33:26] [Worker-Main-1/WARN] (Minecraft) Missing texture references in model ls_furniture:oak_hollow_stripped_log#inventory:
    #missing
[19:33:26] [Worker-Main-1/WARN] (Minecraft) Missing texture references in model ls_furniture:mangrove_roof#facing=north,half=bottom,shape=inner_left,waterlogged=true:
    #missing
[19:33:26] [Worker-Main-1/WARN] (Minecraft) Missing texture references in model ls_furniture:acacia_hollow_stripped_log#axis=y,waterlogged=false:
    #missing
[19:33:26] [Worker-Main-1/WARN] (Minecraft) Missing texture references in model ls_furniture:cherry_hollow_log#axis=x,waterlogged=false:
    #missing
[19:33:26] [Worker-Main-1/WARN] (Minecraft) Missing texture references in model ls_furniture:bamboo_roof#facing=east,half=bottom,shape=inner_right,waterlogged=false:
    #missing
[19:33:26] [Worker-Main-1/WARN] (Minecraft) Missing texture references in model ls_furniture:acacia_roof#facing=west,half=top,shape=inner_right,waterlogged=false:
    #missing
[19:33:26] [Worker-Main-1/WARN] (Minecraft) Missing texture references in model ls_furniture:crimson_hollow_stem#axis=x,waterlogged=true:
    #missing
[19:33:26] [Worker-Main-1/WARN] (Minecraft) Missing texture references in model ls_furniture:acacia_roof_shallow#facing=north,half=bottom,is_double=true,shape=inner_left,waterlogged=false:
    #missing
[19:33:26] [Worker-Main-1/WARN] (Minecraft) Missing texture references in model ls_furniture:cherry_hollow_stripped_log#axis=y,waterlogged=false:
    #missing
[19:33:26] [Worker-Main-1/WARN] (Minecraft) Missing texture references in model ls_furniture:mangrove_hollow_stripped_log#inventory:
    #missing
[19:33:26] [Worker-Main-1/WARN] (Minecraft) Missing texture references in model ls_furniture:warped_roof_shallow#facing=east,half=top,is_double=false,shape=inner_left,waterlogged=true:
    #missing
[19:33:26] [Worker-Main-1/WARN] (Minecraft) Missing texture references in model ls_furniture:mangrove_roof_shallow#facing=west,half=bottom,is_double=false,shape=inner_right,waterlogged=true:
    #missing
[19:33:26] [Worker-Main-1/WARN] (Minecraft) Missing texture references in model ls_furniture:jungle_hollow_stripped_log#axis=z,waterlogged=true:
    #missing
[19:33:26] [Worker-Main-1/WARN] (Minecraft) Missing texture references in model ls_furniture:spruce_roof_shallow#facing=south,half=top,is_double=false,shape=inner_left,waterlogged=true:
    #missing
[19:33:26] [Worker-Main-1/WARN] (Minecraft) Missing texture references in model ls_furniture:mangrove_roof#facing=west,half=top,shape=inner_right,waterlogged=false:
    #missing
[19:33:26] [Worker-Main-1/WARN] (Minecraft) Missing texture references in model ls_furniture:warped_hollow_stem#axis=x,waterlogged=false:
    #missing
[19:33:26] [Worker-Main-1/WARN] (Minecraft) Missing texture references in model ls_furniture:crimson_roof#facing=west,half=top,shape=inner_left,waterlogged=true:
    #missing
[19:33:26] [Worker-Main-1/WARN] (Minecraft) Missing texture references in model ls_furniture:oak_roof#facing=north,half=top,shape=inner_left,waterlogged=false:
    #missing
[19:33:26] [Worker-Main-1/WARN] (Minecraft) Missing texture references in model ls_furniture:dark_oak_roof_shallow#facing=north,half=top,is_double=false,shape=inner_left,waterlogged=false:
    #missing
[19:33:26] [Worker-Main-1/WARN] (Minecraft) Missing texture references in model ls_furniture:mangrove_roof#facing=east,half=top,shape=inner_left,waterlogged=false:
    #missing
[19:33:26] [Worker-Main-1/WARN] (Minecraft) Missing texture references in model ls_furniture:jungle_roof_shallow#facing=north,half=bottom,is_double=true,shape=inner_left,waterlogged=true:
    #missing
[19:33:26] [Worker-Main-1/WARN] (Minecraft) Missing texture references in model ls_furniture:warped_hollow_stripped_stem#axis=z,waterlogged=true:
    #missing
[19:33:26] [Worker-Main-1/WARN] (Minecraft) Missing texture references in model ls_furniture:warped_roof_shallow#facing=north,half=bottom,is_double=true,shape=inner_right,waterlogged=false:
    #missing
[19:33:26] [Worker-Main-1/WARN] (Minecraft) Missing texture references in model ls_furniture:oak_hollow_log#axis=z,waterlogged=false:
    #missing
[19:33:26] [Worker-Main-1/WARN] (Minecraft) Missing texture references in model ls_furniture:spruce_furniture_pack#inventory:
    particle
[19:33:26] [Worker-Main-1/WARN] (Minecraft) Missing texture references in model ls_furniture:jungle_roof_shallow#facing=west,half=bottom,is_double=false,shape=inner_right,waterlogged=true:
    #missing
[19:33:26] [Worker-Main-1/WARN] (Minecraft) Missing texture references in model ls_furniture:acacia_roof_shallow#facing=west,half=bottom,is_double=true,shape=inner_left,waterlogged=true:
    #missing
[19:33:26] [Worker-Main-1/WARN] (Minecraft) Missing texture references in model ls_furniture:spruce_hollow_stripped_log#axis=z,waterlogged=false:
    #missing
[19:33:26] [Worker-Main-1/WARN] (Minecraft) Missing texture references in model ls_furniture:spruce_roof_shallow#facing=south,half=top,is_double=true,shape=inner_left,waterlogged=false:
    #missing
[19:33:26] [Worker-Main-1/WARN] (Minecraft) Missing texture references in model ls_furniture:bamboo_roof_shallow#facing=north,half=top,is_double=true,shape=inner_left,waterlogged=false:
    #missing
[19:33:26] [Worker-Main-1/WARN] (Minecraft) Missing texture references in model ls_furniture:warped_roof#facing=east,half=top,shape=inner_right,waterlogged=true:
    #missing
[19:33:26] [Worker-Main-1/WARN] (Minecraft) Missing texture references in model ls_furniture:jungle_roof#facing=north,half=bottom,shape=inner_right,waterlogged=true:
    #missing
[19:33:26] [Worker-Main-1/WARN] (Minecraft) Missing texture references in model ls_furniture:spruce_roof#facing=east,half=bottom,shape=inner_right,waterlogged=true:
    #missing
[19:33:26] [Worker-Main-1/WARN] (Minecraft) Missing texture references in model ls_furniture:mangrove_roof_shallow#facing=east,half=bottom,is_double=false,shape=inner_left,waterlogged=false:
    #missing
[19:33:26] [Worker-Main-1/WARN] (Minecraft) Missing texture references in model ls_furniture:dark_oak_roof_shallow#facing=east,half=top,is_double=true,shape=inner_left,waterlogged=false:
    #missing
[19:33:26] [Worker-Main-1/WARN] (Minecraft) Missing texture references in model ls_furniture:oak_roof#facing=south,half=bottom,shape=inner_left,waterlogged=false:
    #missing
[19:33:26] [Worker-Main-1/WARN] (Minecraft) Missing texture references in model ls_furniture:cherry_roof_shallow#facing=south,half=top,is_double=true,shape=inner_right,waterlogged=true:
    #missing
[19:33:26] [Worker-Main-1/WARN] (Minecraft) Missing texture references in model ls_furniture:dark_oak_roof_shallow#facing=north,half=bottom,is_double=true,shape=inner_right,waterlogged=true:
    #missing
[19:33:26] [Worker-Main-1/WARN] (Minecraft) Missing texture references in model ls_furniture:mangrove_hollow_log#axis=y,waterlogged=false:
    #missing
[19:33:26] [Worker-Main-1/WARN] (Minecraft) Missing texture references in model ls_furniture:crimson_roof_shallow#facing=north,half=top,is_double=true,shape=inner_left,waterlogged=false:
    #missing
[19:33:26] [Worker-Main-1/WARN] (Minecraft) Missing texture references in model ls_furniture:crimson_roof_shallow#facing=south,half=top,is_double=true,shape=inner_left,waterlogged=true:
    #missing
[19:33:26] [Worker-Main-1/WARN] (Minecraft) Missing texture references in model ls_furniture:crimson_roof_shallow#facing=south,half=bottom,is_double=false,shape=inner_right,waterlogged=false:
    #missing
[19:33:26] [Worker-Main-1/WARN] (Minecraft) Missing texture references in model ls_furniture:oak_roof_shallow#facing=west,half=bottom,is_double=true,shape=inner_right,waterlogged=true:
    #missing
[19:33:26] [Worker-Main-1/WARN] (Minecraft) Missing texture references in model ls_furniture:warped_roof#facing=north,half=bottom,shape=inner_left,waterlogged=true:
    #missing
[19:33:26] [Worker-Main-1/WARN] (Minecraft) Missing texture references in model ls_furniture:acacia_roof#facing=east,half=top,shape=inner_right,waterlogged=true:
    #missing
[19:33:26] [Worker-Main-1/WARN] (Minecraft) Missing texture references in model ls_furniture:acacia_roof_shallow#facing=south,half=top,is_double=false,shape=inner_right,waterlogged=true:
    #missing
[19:33:26] [Worker-Main-1/WARN] (Minecraft) Missing texture references in model ls_furniture:dark_oak_roof_shallow#facing=south,half=top,is_double=false,shape=inner_left,waterlogged=false:
    #missing
[19:33:26] [Worker-Main-1/WARN] (Minecraft) Missing texture references in model ls_furniture:cherry_bed#color=cyan,facing=south,occupied=false,part=foot:
    #0
    particle
[19:33:26] [Worker-Main-1/WARN] (Minecraft) Missing texture references in model ls_furniture:birch_roof_shallow#facing=east,half=bottom,is_double=true,shape=inner_right,waterlogged=true:
    #missing
[19:33:26] [Worker-Main-1/WARN] (Minecraft) Missing texture references in model ls_furniture:oak_roof#facing=west,half=bottom,shape=inner_right,waterlogged=true:
    #missing
[19:33:26] [Worker-Main-1/WARN] (Minecraft) Missing texture references in model ls_furniture:mangrove_furniture_pack#inventory:
    particle
[19:33:26] [Worker-Main-1/WARN] (Minecraft) Missing texture references in model ls_furniture:cherry_roof_shallow#facing=north,half=bottom,is_double=false,shape=inner_right,waterlogged=true:
    #missing
[19:33:26] [Worker-Main-1/WARN] (Minecraft) Missing texture references in model ls_furniture:bamboo_hollow_stripped_block#axis=y,waterlogged=false:
    #missing
[19:33:26] [Worker-Main-1/WARN] (Minecraft) Missing texture references in model ls_furniture:electrical_furniture_pack#inventory:
    particle
[19:33:26] [Worker-Main-1/WARN] (Minecraft) Missing texture references in model ls_furniture:kettle#facing=north,waterlogged=false:
    #missing
[19:33:26] [Worker-Main-1/WARN] (Minecraft) Missing texture references in model ls_furniture:mangrove_roof_shallow#facing=south,half=bottom,is_double=true,shape=inner_left,waterlogged=false:
    #missing
[19:33:26] [Worker-Main-1/WARN] (Minecraft) Missing texture references in model ls_furniture:warped_roof_shallow#facing=north,half=top,is_double=false,shape=inner_left,waterlogged=false:
    #missing
[19:33:26] [Worker-Main-1/WARN] (Minecraft) Missing texture references in model ls_furniture:crimson_roof_shallow#facing=north,half=bottom,is_double=true,shape=inner_right,waterlogged=false:
    #missing
[19:33:26] [Worker-Main-1/WARN] (Minecraft) Missing texture references in model ls_furniture:dark_oak_roof_shallow#facing=west,half=top,is_double=true,shape=inner_right,waterlogged=false:
    #missing
[19:33:26] [Worker-Main-1/WARN] (Minecraft) Missing texture references in model ls_furniture:birch_roof#facing=north,half=top,shape=inner_right,waterlogged=false:
    #missing
[19:33:26] [Worker-Main-1/WARN] (Minecraft) Missing texture references in model ls_furniture:oak_hollow_stripped_log#axis=x,waterlogged=false:
    #missing
[19:33:26] [Worker-Main-1/WARN] (Minecraft) Missing texture references in model ls_furniture:birch_hollow_log#axis=z,waterlogged=false:
    #missing
[19:33:26] [Worker-Main-1/WARN] (Minecraft) Missing texture references in model ls_furniture:jungle_hollow_log#axis=y,waterlogged=false:
    #missing
[19:33:26] [Worker-Main-1/WARN] (Minecraft) Missing texture references in model ls_furniture:bamboo_roof_shallow#facing=west,half=top,is_double=false,shape=inner_left,waterlogged=true:
    #missing
[19:33:26] [Worker-Main-1/WARN] (Minecraft) Missing texture references in model ls_furniture:spruce_roof#facing=west,half=top,shape=inner_right,waterlogged=false:
    #missing
[19:33:26] [Worker-Main-1/WARN] (Minecraft) Missing texture references in model ls_furniture:jungle_roof#facing=south,half=top,shape=inner_right,waterlogged=true:
    #missing
[19:33:26] [Worker-Main-1/WARN] (Minecraft) Missing texture references in model ls_furniture:bamboo_roof_shallow#facing=south,half=bottom,is_double=false,shape=inner_right,waterlogged=true:
    #missing
[19:33:26] [Worker-Main-1/WARN] (Minecraft) Missing texture references in model ls_furniture:kettle#facing=south,waterlogged=false:
    #missing
[19:33:26] [Worker-Main-1/WARN] (Minecraft) Missing texture references in model ls_furniture:dark_oak_hollow_stripped_log#inventory:
    #missing
[19:33:26] [Worker-Main-1/WARN] (Minecraft) Missing texture references in model ls_furniture:crimson_roof_shallow#facing=east,half=bottom,is_double=false,shape=inner_right,waterlogged=true:
    #missing
[19:33:26] [Worker-Main-1/WARN] (Minecraft) Missing texture references in model ls_furniture:jungle_roof_shallow#facing=south,half=top,is_double=false,shape=inner_left,waterlogged=false:
    #missing
[19:33:26] [Worker-Main-1/WARN] (Minecraft) Missing texture references in model ls_furniture:cherry_roof#facing=north,half=top,shape=inner_left,waterlogged=false:
    #missing
[19:33:26] [Worker-Main-1/WARN] (Minecraft) Missing texture references in model ls_furniture:construction_furniture_pack#inventory:
    particle
[19:33:26] [Worker-Main-1/WARN] (Minecraft) Missing texture references in model ls_furniture:oak_hollow_stripped_log#axis=z,waterlogged=false:
    #missing
[19:33:26] [Worker-Main-1/WARN] (Minecraft) Missing texture references in model ls_furniture:jungle_roof#facing=south,half=top,shape=inner_left,waterlogged=false:
    #missing
[19:33:26] [Worker-Main-1/WARN] (Minecraft) Missing texture references in model ls_furniture:dark_oak_hollow_log#axis=x,waterlogged=true:
    #missing
[19:33:26] [Worker-Main-1/WARN] (Minecraft) Missing texture references in model ls_furniture:mangrove_roof_shallow#facing=west,half=top,is_double=false,shape=inner_left,waterlogged=false:
    #missing
[19:33:26] [Worker-Main-1/WARN] (Minecraft) Missing texture references in model ls_furniture:bamboo_hollow_block#axis=y,waterlogged=true:
    #missing
[19:33:26] [Worker-Main-1/WARN] (Minecraft) Missing texture references in model ls_furniture:bamboo_roof_shallow#facing=south,half=bottom,is_double=false,shape=inner_left,waterlogged=false:
    #missing
[19:33:26] [Worker-Main-1/WARN] (Minecraft) Missing texture references in model ls_furniture:spruce_roof_shallow#facing=south,half=bottom,is_double=true,shape=inner_right,waterlogged=true:
    #missing
[19:33:26] [Worker-Main-1/WARN] (Minecraft) Missing texture references in model ls_furniture:oak_roof_shallow#facing=south,half=top,is_double=true,shape=inner_left,waterlogged=true:
    #missing
[19:33:26] [Worker-Main-1/WARN] (Minecraft) Missing texture references in model ls_furniture:spruce_hollow_stripped_log#inventory:
    #missing
[19:33:26] [Worker-Main-1/WARN] (Minecraft) Missing texture references in model ls_furniture:dark_oak_roof_shallow#facing=west,half=top,is_double=true,shape=inner_left,waterlogged=true:
    #missing
[19:33:26] [Worker-Main-1/WARN] (Minecraft) Missing texture references in model ls_furniture:crimson_hollow_stem#axis=y,waterlogged=false:
    #missing
[19:33:26] [Worker-Main-1/WARN] (Minecraft) Missing texture references in model ls_furniture:jungle_hollow_log#axis=x,waterlogged=true:
    #missing
[19:33:26] [Worker-Main-1/WARN] (Minecraft) Missing texture references in model ls_furniture:dark_oak_roof#facing=north,half=bottom,shape=inner_right,waterlogged=true:
    #missing
[19:33:26] [Worker-Main-1/WARN] (Minecraft) Missing texture references in model ls_furniture:dark_oak_roof#facing=south,half=bottom,shape=inner_right,waterlogged=true:
    #missing
[19:33:26] [Worker-Main-1/WARN] (Minecraft) Missing texture references in model ls_furniture:acacia_hollow_log#inventory:
    #missing
[19:33:26] [Worker-Main-1/WARN] (Minecraft) Missing texture references in model ls_furniture:crimson_hollow_stem#inventory:
    #missing
[19:33:26] [Worker-Main-1/WARN] (Minecraft) Missing texture references in model ls_furniture:acacia_roof_shallow#facing=north,half=top,is_double=true,shape=inner_left,waterlogged=false:
    #missing
[19:33:26] [Worker-Main-1/WARN] (Minecraft) Missing texture references in model ls_furniture:birch_hollow_log#axis=x,waterlogged=false:
    #missing
[19:33:26] [Worker-Main-1/WARN] (Minecraft) Missing texture references in model ls_furniture:birch_hollow_log#inventory:
    #missing
[19:33:26] [Worker-Main-1/WARN] (Minecraft) Missing texture references in model ls_furniture:oak_roof_shallow#facing=north,half=top,is_double=true,shape=inner_right,waterlogged=false:
    #missing
[19:33:26] [Worker-Main-1/WARN] (Minecraft) Missing texture references in model ls_furniture:crimson_roof#facing=east,half=top,shape=inner_left,waterlogged=true:
    #missing
[19:33:26] [Worker-Main-1/WARN] (Minecraft) Missing texture references in model ls_furniture:kettle#facing=east,waterlogged=false:
    #missing
[19:33:26] [Worker-Main-1/WARN] (Minecraft) Missing texture references in model ls_furniture:mangrove_roof_shallow#facing=west,half=bottom,is_double=false,shape=inner_left,waterlogged=true:
    #missing
[19:33:26] [Worker-Main-1/WARN] (Minecraft) Missing texture references in model ls_furniture:birch_hollow_stripped_log#axis=x,waterlogged=false:
    #missing
[19:33:26] [Worker-Main-1/WARN] (Minecraft) Missing texture references in model ls_furniture:spruce_hollow_stripped_log#axis=y,waterlogged=true:
    #missing
[19:33:26] [Worker-Main-1/WARN] (Minecraft) Missing texture references in model ls_furniture:dark_oak_hollow_log#inventory:
    #missing
[19:33:26] [Worker-Main-1/WARN] (Minecraft) Missing texture references in model ls_furniture:spruce_hollow_log#inventory:
    #missing
[19:33:26] [Worker-Main-1/WARN] (Minecraft) Missing texture references in model ls_furniture:dark_oak_roof_shallow#facing=south,half=bottom,is_double=true,shape=inner_right,waterlogged=false:
    #missing
[19:33:26] [Worker-Main-1/WARN] (Minecraft) Missing texture references in model ls_furniture:crimson_lamp#color=light_gray,facing=north,lit=true,powered=true,vertical=bottom,waterlogged=true:
    particle
[19:33:26] [Worker-Main-1/WARN] (Minecraft) Missing texture references in model ls_furniture:mangrove_hollow_log#axis=z,waterlogged=false:
    #missing
[19:33:26] [Worker-Main-1/WARN] (Minecraft) Missing texture references in model ls_furniture:birch_roof_shallow#facing=north,half=bottom,is_double=true,shape=inner_left,waterlogged=true:
    #missing
[19:33:26] [Worker-Main-1/WARN] (Minecraft) Missing texture references in model ls_furniture:mangrove_roof#facing=south,half=bottom,shape=inner_left,waterlogged=true:
    #missing
[19:33:26] [Worker-Main-1/WARN] (Minecraft) Missing texture references in model ls_furniture:cherry_roof#facing=north,half=bottom,shape=inner_right,waterlogged=false:
    #missing
[19:33:26] [Worker-Main-1/WARN] (Minecraft) Missing texture references in model ls_furniture:dark_oak_roof#facing=west,half=bottom,shape=inner_right,waterlogged=true:
    #missing
[19:33:26] [Worker-Main-1/WARN] (Minecraft) Missing texture references in model ls_furniture:bamboo_roof_shallow#facing=west,half=top,is_double=true,shape=inner_left,waterlogged=false:
    #missing
[19:33:26] [Worker-Main-1/WARN] (Minecraft) Missing texture references in model ls_furniture:bamboo_roof_shallow#facing=west,half=top,is_double=false,shape=inner_right,waterlogged=false:
    #missing
[19:33:26] [Worker-Main-1/WARN] (Minecraft) Missing texture references in model ls_furniture:mangrove_roof#facing=west,half=top,shape=inner_left,waterlogged=true:
    #missing
[19:33:26] [Worker-Main-1/WARN] (Minecraft) Missing texture references in model ls_furniture:birch_roof_shallow#facing=west,half=bottom,is_double=true,shape=inner_left,waterlogged=false:
    #missing
[19:33:26] [Worker-Main-1/WARN] (Minecraft) Missing texture references in model ls_furniture:oak_furniture_pack#inventory:
    particle
[19:33:26] [Worker-Main-1/WARN] (Minecraft) Missing texture references in model ls_furniture:birch_roof#facing=south,half=bottom,shape=inner_left,waterlogged=true:
    #missing
[19:33:26] [Worker-Main-1/WARN] (Minecraft) Missing texture references in model ls_furniture:mangrove_roof_shallow#facing=east,half=bottom,is_double=true,shape=inner_left,waterlogged=true:
    #missing
[19:33:26] [Worker-Main-1/WARN] (Minecraft) Missing texture references in model ls_furniture:crimson_hollow_stripped_stem#axis=z,waterlogged=false:
    #missing
[19:33:26] [Worker-Main-1/WARN] (Minecraft) Missing texture references in model ls_furniture:jungle_roof#facing=west,half=bottom,shape=inner_right,waterlogged=false:
    #missing
[19:33:26] [Worker-Main-1/WARN] (Minecraft) Missing texture references in model ls_furniture:acacia_roof_shallow#facing=east,half=top,is_double=true,shape=inner_left,waterlogged=true:
    #missing
[19:33:26] [Worker-Main-1/WARN] (Minecraft) Missing texture references in model ls_furniture:birch_roof_shallow#facing=west,half=top,is_double=true,shape=inner_left,waterlogged=true:
    #missing
[19:33:26] [Worker-Main-1/WARN] (Minecraft) Missing texture references in model ls_furniture:warped_furniture_pack#inventory:
    particle
[19:33:26] [Worker-Main-1/WARN] (Minecraft) Missing texture references in model ls_furniture:mangrove_roof#facing=south,half=top,shape=inner_left,waterlogged=true:
    #missing
[19:33:26] [Worker-Main-1/WARN] (Minecraft) Missing texture references in model ls_furniture:mangrove_roof_shallow#facing=west,half=top,is_double=true,shape=inner_left,waterlogged=true:
    #missing
[19:33:26] [Worker-Main-1/WARN] (Minecraft) Missing texture references in model ls_furniture:cherry_hollow_log#axis=y,waterlogged=true:
    #missing
[19:33:26] [Worker-Main-1/WARN] (Minecraft) Missing texture references in model ls_furniture:crimson_roof_shallow#facing=north,half=top,is_double=false,shape=inner_right,waterlogged=true:
    #missing
[19:33:26] [Worker-Main-1/WARN] (Minecraft) Missing texture references in model ls_furniture:crimson_hollow_stripped_stem#axis=x,waterlogged=false:
    #missing
[19:33:26] [Worker-Main-1/WARN] (Minecraft) Missing texture references in model ls_furniture:birch_roof_shallow#facing=north,half=top,is_double=true,shape=inner_right,waterlogged=true:
    #missing
[19:33:26] [Worker-Main-1/WARN] (Minecraft) Missing texture references in model ls_furniture:bamboo_roof#facing=north,half=top,shape=inner_left,waterlogged=false:
    #missing
[19:33:26] [Worker-Main-1/WARN] (Minecraft) Missing texture references in model ls_furniture:spruce_roof_shallow#facing=west,half=bottom,is_double=false,shape=inner_right,waterlogged=false:
    #missing
[19:33:26] [Worker-Main-1/WARN] (Minecraft) Missing texture references in model ls_furniture:dark_oak_roof#facing=west,half=top,shape=inner_left,waterlogged=false:
    #missing
[19:33:26] [Worker-Main-1/WARN] (Minecraft) Missing texture references in model ls_furniture:mangrove_roof#facing=east,half=bottom,shape=inner_left,waterlogged=false:
    #missing
[19:33:26] [Worker-Main-1/WARN] (Minecraft) Missing texture references in model ls_furniture:dark_oak_roof_shallow#facing=east,half=bottom,is_double=true,shape=inner_right,waterlogged=true:
    #missing
[19:33:26] [Worker-Main-1/WARN] (Minecraft) Missing texture references in model ls_furniture:mangrove_roof#facing=south,half=bottom,shape=inner_right,waterlogged=true:
    #missing
[19:33:26] [Worker-Main-1/WARN] (Minecraft) Missing texture references in model ls_furniture:bamboo_hollow_stripped_block#axis=z,waterlogged=false:
    #missing
[19:33:26] [Worker-Main-1/WARN] (Minecraft) Missing texture references in model ls_furniture:bamboo_roof#facing=north,half=bottom,shape=inner_right,waterlogged=false:
    #missing
[19:33:26] [Worker-Main-1/WARN] (Minecraft) Missing texture references in model ls_furniture:spruce_roof_shallow#facing=east,half=bottom,is_double=false,shape=inner_right,waterlogged=true:
    #missing
[19:33:26] [Worker-Main-1/WARN] (Minecraft) Missing texture references in model ls_furniture:birch_roof#facing=west,half=top,shape=inner_left,waterlogged=true:
    #missing
[19:33:26] [Worker-Main-1/WARN] (Minecraft) Missing texture references in model ls_furniture:jungle_roof_shallow#facing=east,half=bottom,is_double=true,shape=inner_right,waterlogged=true:
    #missing
[19:33:26] [Worker-Main-1/WARN] (Minecraft) Missing texture references in model ls_furniture:bamboo_hollow_stripped_block#axis=x,waterlogged=true:
    #missing
[19:33:26] [Worker-Main-1/WARN] (Minecraft) Missing texture references in model ls_furniture:birch_hollow_stripped_log#axis=z,waterlogged=false:
    #missing
[19:33:26] [Worker-Main-1/WARN] (Minecraft) Missing texture references in model ls_furniture:jungle_roof_shallow#facing=east,half=top,is_double=true,shape=inner_left,waterlogged=false:
    #missing
[19:33:26] [Worker-Main-1/WARN] (Minecraft) Missing texture references in model ls_furniture:cherry_roof_shallow#facing=south,half=bottom,is_double=false,shape=inner_right,waterlogged=true:
    #missing
[19:33:26] [Worker-Main-1/WARN] (Minecraft) Missing texture references in model ls_furniture:warped_hollow_stem#inventory:
    #missing
[19:33:26] [Worker-Main-1/WARN] (Minecraft) Missing texture references in model ls_furniture:dark_oak_roof#facing=north,half=top,shape=inner_right,waterlogged=true:
    #missing
[19:33:26] [Worker-Main-1/WARN] (Minecraft) Missing texture references in model ls_furniture:oak_roof#facing=south,half=top,shape=inner_left,waterlogged=false:
    #missing
[19:33:26] [Worker-Main-1/WARN] (Minecraft) Missing texture references in model ls_furniture:jungle_roof_shallow#facing=north,half=bottom,is_double=true,shape=inner_right,waterlogged=false:
    #missing
[19:33:26] [Worker-Main-1/WARN] (Minecraft) Missing texture references in model ls_furniture:spruce_roof_shallow#facing=west,half=top,is_double=true,shape=inner_left,waterlogged=true:
    #missing
[19:33:26] [Worker-Main-1/WARN] (Minecraft) Missing texture references in model ls_furniture:mangrove_roof_shallow#facing=north,half=top,is_double=true,shape=inner_left,waterlogged=true:
    #missing
[19:33:26] [Worker-Main-1/WARN] (Minecraft) Missing texture references in model ls_furniture:jungle_roof_shallow#facing=west,half=top,is_double=true,shape=inner_left,waterlogged=false:
    #missing
[19:33:26] [Worker-Main-1/WARN] (Minecraft) Missing texture references in model ls_furniture:jungle_roof_shallow#facing=south,half=top,is_double=false,shape=inner_right,waterlogged=false:
    #missing
[19:33:26] [Worker-Main-1/WARN] (Minecraft) Missing texture references in model ls_furniture:dark_oak_hollow_stripped_log#axis=z,waterlogged=true:
    #missing
[19:33:26] [Worker-Main-1/WARN] (Minecraft) Missing texture references in model ls_furniture:birch_hollow_stripped_log#inventory:
    #missing
[19:33:26] [Worker-Main-1/WARN] (Minecraft) Missing texture references in model ls_furniture:jungle_roof#facing=south,half=bottom,shape=inner_left,waterlogged=false:
    #missing
[19:33:26] [Worker-Main-1/WARN] (Minecraft) Missing texture references in model ls_furniture:mangrove_hollow_stripped_log#axis=z,waterlogged=false:
    #missing
[19:33:26] [Worker-Main-1/WARN] (Minecraft) Missing texture references in model ls_furniture:warped_hollow_stripped_stem#axis=x,waterlogged=true:
    #missing
[19:33:26] [Worker-Main-1/WARN] (Minecraft) Missing texture references in model ls_furniture:cherry_roof_shallow#facing=south,half=top,is_double=false,shape=inner_right,waterlogged=false:
    #missing
[19:33:26] [Worker-Main-1/WARN] (Minecraft) Missing texture references in model ls_furniture:warped_roof_shallow#facing=west,half=bottom,is_double=false,shape=inner_left,waterlogged=true:
    #missing
[19:33:26] [Worker-Main-1/WARN] (Minecraft) Missing texture references in model ls_furniture:jungle_roof_shallow#facing=west,half=top,is_double=true,shape=inner_right,waterlogged=true:
    #missing
[19:33:26] [Worker-Main-1/WARN] (Minecraft) Missing texture references in model ls_furniture:birch_roof_shallow#facing=west,half=top,is_double=true,shape=inner_right,waterlogged=true:
    #missing
[19:33:26] [Worker-Main-1/WARN] (Minecraft) Missing texture references in model ls_furniture:crimson_roof#facing=west,half=bottom,shape=inner_right,waterlogged=false:
    #missing
[19:33:26] [Worker-Main-1/WARN] (Minecraft) Missing texture references in model ls_furniture:dark_oak_roof_shallow#facing=east,half=top,is_double=true,shape=inner_right,waterlogged=false:
    #missing
[19:33:26] [Worker-Main-1/WARN] (Minecraft) Missing texture references in model ls_furniture:acacia_roof#facing=north,half=bottom,shape=inner_right,waterlogged=false:
    #missing
[19:33:26] [Worker-Main-1/WARN] (Minecraft) Missing texture references in model ls_furniture:oak_hollow_log#axis=y,waterlogged=true:
    #missing
[19:33:26] [Worker-Main-1/WARN] (Minecraft) Missing texture references in model ls_furniture:dark_oak_furniture_pack#inventory:
    particle
[19:33:26] [Worker-Main-1/WARN] (Minecraft) Missing texture references in model ls_furniture:warped_roof_shallow#facing=south,half=bottom,is_double=true,shape=inner_right,waterlogged=false:
    #missing
[19:33:26] [Worker-Main-1/WARN] (Minecraft) Missing texture references in model ls_furniture:oak_roof_shallow#facing=east,half=top,is_double=false,shape=inner_right,waterlogged=true:
    #missing
[19:33:26] [Worker-Main-1/WARN] (Minecraft) Missing texture references in model ls_furniture:dark_oak_roof#facing=north,half=top,shape=inner_left,waterlogged=false:
    #missing
[19:33:26] [Worker-Main-1/WARN] (Minecraft) Missing texture references in model ls_furniture:dark_oak_hollow_stripped_log#axis=x,waterlogged=true:
    #missing
[19:33:26] [Worker-Main-1/WARN] (Minecraft) Missing texture references in model ls_furniture:warped_roof_shallow#facing=west,half=bottom,is_double=false,shape=inner_right,waterlogged=true:
    #missing
[19:33:26] [Worker-Main-1/WARN] (Minecraft) Missing texture references in model ls_furniture:cherry_hollow_stripped_log#axis=x,waterlogged=true:
    #missing
[19:33:26] [Worker-Main-1/WARN] (Minecraft) Missing texture references in model ls_furniture:spruce_roof#facing=north,half=bottom,shape=inner_right,waterlogged=true:
    #missing
[19:33:26] [Worker-Main-1/WARN] (Minecraft) Missing texture references in model ls_furniture:birch_roof_shallow#facing=east,half=top,is_double=true,shape=inner_right,waterlogged=false:
    #missing
[19:33:26] [Worker-Main-1/WARN] (Minecraft) Missing texture references in model ls_furniture:acacia_roof_shallow#facing=east,half=top,is_double=true,shape=inner_right,waterlogged=true:
    #missing
[19:33:26] [Worker-Main-1/WARN] (Minecraft) Missing texture references in model ls_furniture:spruce_roof_shallow#facing=west,half=top,is_double=false,shape=inner_right,waterlogged=false:
    #missing
[19:33:26] [Worker-Main-1/WARN] (Minecraft) Missing texture references in model ls_furniture:bamboo_roof_shallow#facing=east,half=top,is_double=false,shape=inner_right,waterlogged=true:
    #missing
[19:33:26] [Worker-Main-1/WARN] (Minecraft) Missing texture references in model ls_furniture:acacia_hollow_stripped_log#axis=z,waterlogged=false:
    #missing
[19:33:26] [Worker-Main-1/WARN] (Minecraft) Missing texture references in model ls_furniture:cherry_roof_shallow#facing=north,half=top,is_double=false,shape=inner_left,waterlogged=false:
    #missing
[19:33:26] [Worker-Main-1/WARN] (Minecraft) Missing texture references in model ls_furniture:warped_roof#facing=east,half=top,shape=inner_left,waterlogged=true:
    #missing
[19:33:26] [Worker-Main-1/WARN] (Minecraft) Missing texture references in model ls_furniture:warped_roof_shallow#facing=south,half=top,is_double=false,shape=inner_right,waterlogged=false:
    #missing
[19:33:26] [Worker-Main-1/WARN] (Minecraft) Missing texture references in model ls_furniture:spruce_roof_shallow#facing=south,half=bottom,is_double=false,shape=inner_right,waterlogged=false:
    #missing
[19:33:26] [Worker-Main-1/WARN] (Minecraft) Missing texture references in model ls_furniture:acacia_roof#facing=west,half=bottom,shape=inner_left,waterlogged=false:
    #missing
[19:33:26] [Worker-Main-1/WARN] (Minecraft) Missing texture references in model ls_furniture:oak_hollow_stripped_log#axis=y,waterlogged=true:
    #missing
[19:33:26] [Worker-Main-1/WARN] (Minecraft) Missing texture references in model ls_furniture:birch_roof_shallow#facing=south,half=top,is_double=false,shape=inner_left,waterlogged=true:
    #missing
[19:33:26] [Worker-Main-1/WARN] (Minecraft) Missing texture references in model ls_furniture:dark_oak_roof_shallow#facing=east,half=bottom,is_double=false,shape=inner_left,waterlogged=false:
    #missing
[19:33:26] [Worker-Main-1/WARN] (Minecraft) Missing texture references in model ls_furniture:mangrove_roof_shallow#facing=east,half=top,is_double=true,shape=inner_right,waterlogged=false:
    #missing
[19:33:26] [Worker-Main-1/WARN] (Minecraft) Missing texture references in model ls_furniture:spruce_hollow_stripped_log#axis=x,waterlogged=false:
    #missing
[19:33:26] [Worker-Main-1/WARN] (Minecraft) Missing texture references in model ls_furniture:warped_roof_shallow#facing=east,half=top,is_double=false,shape=inner_right,waterlogged=false:
    #missing
[19:33:26] [Worker-Main-1/WARN] (Minecraft) Missing texture references in model ls_furniture:birch_roof#facing=north,half=top,shape=inner_left,waterlogged=true:
    #missing
[19:33:26] [Worker-Main-1/WARN] (Minecraft) Missing texture references in model ls_furniture:oak_roof_shallow#facing=east,half=bottom,is_double=true,shape=inner_right,waterlogged=false:
    #missing
[19:33:26] [Worker-Main-1/WARN] (Minecraft) Missing texture references in model ls_furniture:spruce_roof_shallow#facing=north,half=top,is_double=true,shape=inner_left,waterlogged=false:
    #missing
[19:33:26] [Worker-Main-1/WARN] (Minecraft) Missing texture references in model ls_furniture:birch_roof_shallow#facing=west,half=top,is_double=false,shape=inner_left,waterlogged=false:
    #missing
[19:33:26] [Worker-Main-1/WARN] (Minecraft) Missing texture references in model ls_furniture:cherry_hollow_log#inventory:
    #missing
[19:33:26] [Worker-Main-1/WARN] (Minecraft) Missing texture references in model ls_furniture:jungle_roof_shallow#facing=north,half=top,is_double=false,shape=inner_right,waterlogged=false:
    #missing
[19:33:26] [Worker-Main-1/WARN] (Minecraft) Missing texture references in model ls_furniture:dark_oak_roof#facing=east,half=bottom,shape=inner_right,waterlogged=true:
    #missing
[19:33:26] [Worker-Main-1/WARN] (Minecraft) Missing texture references in model ls_furniture:jungle_hollow_log#axis=z,waterlogged=true:
    #missing
[19:33:26] [Worker-Main-1/WARN] (Minecraft) Missing texture references in model ls_furniture:acacia_roof_shallow#facing=west,half=top,is_double=false,shape=inner_right,waterlogged=false:
    #missing
[19:33:26] [Worker-Main-1/WARN] (Minecraft) Missing texture references in model ls_furniture:crimson_hollow_stripped_stem#axis=y,waterlogged=true:
    #missing
[19:33:26] [Worker-Main-1/WARN] (Minecraft) Missing texture references in model ls_furniture:jungle_hollow_stripped_log#axis=y,waterlogged=true:
    #missing
[19:33:26] [Worker-Main-1/WARN] (Minecraft) Missing texture references in model ls_furniture:birch_roof#facing=east,half=bottom,shape=inner_left,waterlogged=false:
    #missing
[19:33:26] [Worker-Main-1/WARN] (Minecraft) Missing texture references in model ls_furniture:bamboo_roof_shallow#facing=east,half=bottom,is_double=true,shape=inner_left,waterlogged=false:
    #missing
[19:33:26] [Worker-Main-1/WARN] (Minecraft) Missing texture references in model ls_furniture:bamboo_roof#facing=south,half=top,shape=inner_right,waterlogged=true:
    #missing
[19:33:26] [Worker-Main-1/WARN] (Minecraft) Missing texture references in model ls_furniture:crimson_roof_shallow#facing=south,half=bottom,is_double=true,shape=inner_left,waterlogged=true:
    #missing
[19:33:26] [Worker-Main-1/WARN] (Minecraft) Missing texture references in model ls_furniture:warped_roof#facing=west,half=top,shape=inner_right,waterlogged=false:
    #missing
[19:33:26] [Worker-Main-1/WARN] (Minecraft) Missing texture references in model ls_furniture:crimson_roof#facing=north,half=bottom,shape=inner_right,waterlogged=false:
    #missing
[19:33:26] [Worker-Main-1/WARN] (Minecraft) Missing texture references in model ls_furniture:bamboo_roof#facing=east,half=top,shape=inner_left,waterlogged=true:
    #missing
[19:33:26] [Worker-Main-1/WARN] (Minecraft) Missing texture references in model ls_furniture:acacia_hollow_log#axis=y,waterlogged=true:
    #missing
[19:33:26] [Worker-Main-1/WARN] (Minecraft) Missing texture references in model ls_furniture:jungle_roof#facing=north,half=top,shape=inner_right,waterlogged=true:
    #missing
[19:33:26] [Worker-Main-1/WARN] (Minecraft) Missing texture references in model ls_furniture:cherry_roof#facing=south,half=bottom,shape=inner_left,waterlogged=false:
    #missing
[19:33:26] [Worker-Main-1/WARN] (Minecraft) Missing texture references in model ls_furniture:birch_roof#facing=east,half=top,shape=inner_right,waterlogged=false:
    #missing
[19:33:26] [Worker-Main-1/WARN] (Minecraft) Missing texture references in model ls_furniture:cherry_hollow_log#axis=z,waterlogged=false:
    #missing
[19:33:26] [Worker-Main-1/WARN] (Minecraft) Missing texture references in model ls_furniture:cherry_roof_shallow#facing=south,half=bottom,is_double=true,shape=inner_right,waterlogged=false:
    #missing
[19:33:26] [Worker-Main-1/WARN] (Minecraft) Missing texture references in model ls_furniture:cherry_roof#facing=south,half=top,shape=inner_right,waterlogged=true:
    #missing
[19:33:26] [Worker-Main-1/WARN] (Minecraft) Missing texture references in model ls_furniture:cherry_roof_shallow#facing=east,half=top,is_double=true,shape=inner_right,waterlogged=false:
    #missing
[19:33:26] [Worker-Main-1/WARN] (Minecraft) Missing texture references in model ls_furniture:oak_roof_shallow#facing=east,half=bottom,is_double=false,shape=inner_right,waterlogged=true:
    #missing
[19:33:26] [Worker-Main-1/WARN] (Minecraft) Missing texture references in model ls_furniture:spruce_hollow_log#axis=y,waterlogged=true:
    #missing
[19:33:26] [Worker-Main-1/WARN] (Minecraft) Missing texture references in model ls_furniture:acacia_roof_shallow#facing=south,half=bottom,is_double=false,shape=inner_left,waterlogged=false:
    #missing
[19:33:26] [Worker-Main-1/WARN] (Minecraft) Missing texture references in model ls_furniture:acacia_roof#facing=west,half=bottom,shape=inner_right,waterlogged=false:
    #missing
[19:33:26] [Worker-Main-1/WARN] (Minecraft) Missing texture references in model ls_furniture:warped_hollow_stem#axis=z,waterlogged=false:
    #missing
[19:33:26] [Worker-Main-1/WARN] (Minecraft) Missing texture references in model ls_furniture:birch_roof#facing=west,half=bottom,shape=inner_right,waterlogged=true:
    #missing
[19:33:26] [Worker-Main-1/WARN] (Minecraft) Missing texture references in model ls_furniture:acacia_roof_shallow#facing=south,half=bottom,is_double=true,shape=inner_left,waterlogged=false:
    #missing
[19:33:26] [Worker-Main-1/WARN] (Minecraft) Missing texture references in model ls_furniture:crimson_roof_shallow#facing=south,half=top,is_double=false,shape=inner_left,waterlogged=true:
    #missing
[19:33:26] [Worker-Main-1/WARN] (Minecraft) Missing texture references in model ls_furniture:oak_roof#facing=west,half=top,shape=inner_left,waterlogged=false:
    #missing
[19:33:26] [Worker-Main-1/WARN] (Minecraft) Missing texture references in model ls_furniture:cherry_roof_shallow#facing=south,half=top,is_double=false,shape=inner_left,waterlogged=false:
    #missing
[19:33:26] [Worker-Main-1/WARN] (Minecraft) Missing texture references in model ls_furniture:cherry_roof#facing=west,half=bottom,shape=inner_left,waterlogged=false:
    #missing
[19:33:26] [Worker-Main-1/WARN] (Minecraft) Missing texture references in model ls_furniture:spruce_roof_shallow#facing=west,half=bottom,is_double=true,shape=inner_right,waterlogged=false:
    #missing
[19:33:26] [Worker-Main-1/WARN] (Minecraft) Missing texture references in model ls_furniture:oak_roof_shallow#facing=east,half=top,is_double=false,shape=inner_left,waterlogged=false:
    #missing
[19:33:26] [Worker-Main-1/WARN] (Minecraft) Missing texture references in model ls_furniture:kettle#inventory:
    #missing
[19:33:27] [Render thread/INFO] (Minecraft) OpenAL initialized on device OpenAL Soft on Speakers (High Definition Audio Device)
[19:33:27] [Render thread/INFO] (Minecraft) Sound engine started
[19:33:27] [Render thread/INFO] (Minecraft) Created: 1024x1024x0 minecraft:textures/atlas/blocks.png-atlas
[19:33:27] [Render thread/INFO] (Minecraft) Created: 256x256x4 minecraft:textures/atlas/signs.png-atlas
[19:33:27] [Render thread/INFO] (Minecraft) Created: 512x512x4 minecraft:textures/atlas/banner_patterns.png-atlas
[19:33:27] [Render thread/INFO] (Minecraft) Created: 512x512x4 minecraft:textures/atlas/shield_patterns.png-atlas
[19:33:27] [Render thread/INFO] (Minecraft) Created: 2048x1024x4 minecraft:textures/atlas/armor_trims.png-atlas
[19:33:27] [Render thread/INFO] (Minecraft) Created: 512x512x4 minecraft:textures/atlas/chest.png-atlas
[19:33:27] [Render thread/INFO] (Minecraft) Created: 128x64x4 minecraft:textures/atlas/decorated_pot.png-atlas
[19:33:27] [Render thread/INFO] (Minecraft) Created: 512x256x4 minecraft:textures/atlas/beds.png-atlas
[19:33:27] [Render thread/INFO] (Minecraft) Created: 512x256x4 minecraft:textures/atlas/shulker_boxes.png-atlas
[19:33:27] [Render thread/INFO] (Minecraft) Created: 64x64x0 minecraft:textures/atlas/map_decorations.png-atlas
[19:33:27] [Render thread/INFO] (Minecraft) Created: 512x256x0 minecraft:textures/atlas/particles.png-atlas
[19:33:27] [Render thread/INFO] (Minecraft) Created: 512x256x0 minecraft:textures/atlas/paintings.png-atlas
[19:33:27] [Render thread/INFO] (Minecraft) Created: 256x128x0 minecraft:textures/atlas/mob_effects.png-atlas
[19:33:27] [Render thread/INFO] (Minecraft) Created: 1024x512x0 minecraft:textures/atlas/gui.png-atlas
[19:33:27] [Render thread/INFO] (ls_core) Documentation reload completed: 0 namespaces, 0 categories, 0 entries
[19:33:32] [Render thread/WARN] (Minecraft) Missing data pack generated_e2974e9
[19:33:32] [Render thread/INFO] (Minecraft) Found new data pack generated_3d142ed, loading it automatically
[19:33:33] [Worker-Main-11/INFO] (ls_core) Starting documentation reload from Minecraft data reload
[19:33:33] [Worker-Main-11/INFO] (ls_core) Found mods with documentation: [ls_core]
[19:33:33] [Render thread/INFO] (Minecraft) Loaded 1922 recipes
[19:33:33] [Render thread/INFO] (Minecraft) Loaded 1481 advancements
[19:33:33] [Render thread/INFO] (ls_core) Documentation reload completed: 1 namespaces, 3 categories, 11 entries
[19:33:33] [Render thread/INFO] (BiomeModificationImpl) Applied 0 biome modifications to 0 of 65 new biomes in 1.387 ms
[19:33:33] [Server thread/INFO] (Minecraft) Starting integrated minecraft server version 1.21.4
[19:33:33] [Server thread/INFO] (Minecraft) Generating keypair
[19:33:34] [Server thread/INFO] (Minecraft) Preparing start region for dimension minecraft:overworld
[19:33:34] [Render thread/INFO] (Minecraft) Preparing spawn area: 0%
[19:33:34] [Render thread/INFO] (Minecraft) Time elapsed: 325 ms
[19:33:34] [Server thread/WARN] (TranslationConventionLogWarnings) 
	Dev warning - Untranslated Item Tags detected. Please translate your item tags so other mods such as recipe viewers can properly display your tag's name.
	The format desired is tag.item.<namespace>.<path> for the translation key with slashes in path turned into periods.
	To disable this message, set this system property in your runs: `-Dfabric-tag-conventions-v2.missingTagTranslationWarning=SILENCED`.
	To see individual untranslated item tags found, set the system property to `-Dfabric-tag-conventions-v2.missingTagTranslationWarning=VERBOSE`.
	Default is `SHORT`.

[19:33:34] [Server thread/INFO] (Minecraft) Changing view distance to 12, from 10
[19:33:34] [Server thread/INFO] (Minecraft) Changing simulation distance to 12, from 0
[19:33:35] [Server thread/INFO] (Minecraft) Player478[local:E:125038d1] logged in with entity id 1 at (-9.64444830352345, -60.0, -4.753391940518812)
[19:33:35] [Server thread/INFO] (Minecraft) Player478 joined the game
[19:33:35] [Server thread/INFO] (Minecraft) Player478 has made the advancement [Acquire Hardware]
[19:33:36] [Render thread/INFO] (Minecraft) [System] [CHAT] Player478 has made the advancement [Acquire Hardware]
[19:33:36] [Render thread/INFO] (Minecraft) Loaded 45 advancements
[19:33:39] [Render thread/INFO] (Minecraft) [STDOUT]: [LS Tweaks][RV] click in overlay region? mx=371.5 my=91.5
[19:33:39] [Render thread/INFO] (Minecraft) [STDOUT]: [LS Tweaks][RV] open usages for Tuff Slab
[19:33:39] [Render thread/INFO] (Minecraft) [STDOUT]: [LS Tweaks][RV] openForUsage Tuff Slab
[19:33:39] [Render thread/INFO] (Minecraft) [STDOUT]: [LS Tweaks][RV] Found 1 usage recipes for Tuff Slab
[19:33:39] [Render thread/INFO] (Minecraft) [STDOUT]: [LS Tweaks][RV] Slot finalizePosition mode=MIDDLE_RIGHT -> (86,18) cw=108 ch=54
[19:33:39] [Render thread/INFO] (Minecraft) [STDOUT]: [LS Tweaks][RV] usage displays found=2
[19:33:39] [Render thread/INFO] (Minecraft) [STDOUT]: [LS Tweaks][RV] mouseClick handled=true btn=1 @371.5,91.5
[19:33:40] [Render thread/INFO] (Minecraft) [STDOUT]: [LS Tweaks][RV] click in overlay region? mx=174.5 my=11.5
[19:33:40] [Render thread/INFO] (Minecraft) [STDOUT]: [LS Tweaks][RV] outside grid
[19:33:40] [Render thread/INFO] (Minecraft) [STDOUT]: [LS Tweaks][RV] mouseClick handled=false btn=0 @174.5,11.5
[19:33:40] [Render thread/INFO] (Minecraft) [STDOUT]: [LS Tweaks][RV] click in overlay region? mx=174.5 my=11.5
[19:33:40] [Render thread/INFO] (Minecraft) [STDOUT]: [LS Tweaks][RV] outside grid
[19:33:40] [Render thread/INFO] (Minecraft) [STDOUT]: [LS Tweaks][RV] click in overlay region? mx=174.5 my=11.5
[19:33:40] [Render thread/INFO] (Minecraft) [STDOUT]: [LS Tweaks][RV] outside grid
[19:33:40] [Render thread/INFO] (Minecraft) [STDOUT]: [LS Tweaks][RV] mouseClick handled=false btn=0 @174.5,11.5
[19:33:41] [Render thread/INFO] (Minecraft) [STDOUT]: [LS Tweaks][RV] click in overlay region? mx=244.5 my=26.5
[19:33:41] [Render thread/INFO] (Minecraft) [STDOUT]: [LS Tweaks][RV] outside grid
[19:33:41] [Render thread/INFO] (Minecraft) [STDOUT]: [LS Tweaks][RV] mouseClick handled=false btn=0 @244.5,26.5
[19:33:41] [Render thread/INFO] (Minecraft) [STDOUT]: [LS Tweaks][RV] click in overlay region? mx=244.5 my=26.5
[19:33:41] [Render thread/INFO] (Minecraft) [STDOUT]: [LS Tweaks][RV] outside grid
[19:33:41] [Render thread/INFO] (Minecraft) [STDOUT]: [LS Tweaks][RV] click in overlay region? mx=244.5 my=26.5
[19:33:41] [Render thread/INFO] (Minecraft) [STDOUT]: [LS Tweaks][RV] outside grid
[19:33:41] [Render thread/INFO] (Minecraft) [STDOUT]: [LS Tweaks][RV] mouseClick handled=false btn=0 @244.5,26.5
[19:33:41] [Render thread/INFO] (Minecraft) [STDOUT]: [LS Tweaks][RV] click in overlay region? mx=244.0 my=33.5
[19:33:41] [Render thread/INFO] (Minecraft) [STDOUT]: [LS Tweaks][RV] outside grid
[19:33:41] [Render thread/INFO] (Minecraft) [STDOUT]: [LS Tweaks][RV] mouseClick handled=false btn=0 @244.0,33.5
[19:33:41] [Render thread/INFO] (Minecraft) [STDOUT]: [LS Tweaks][RV] click in overlay region? mx=244.0 my=33.5
[19:33:41] [Render thread/INFO] (Minecraft) [STDOUT]: [LS Tweaks][RV] outside grid
[19:33:41] [Render thread/INFO] (Minecraft) [STDOUT]: [LS Tweaks][RV] RecipeIndex.ensureBuilt: rebuilding indices
[19:33:42] [Render thread/INFO] (Minecraft) [STDOUT]: [LS Tweaks][RV] Index built: recipes=1922 resultsKeys=0 ingredientKeys=2106 totalIngredients=10044
[19:33:42] [Render thread/INFO] (Minecraft) [STDOUT]: [LS Tweaks][RV] click in overlay region? mx=244.0 my=33.5
[19:33:42] [Render thread/INFO] (Minecraft) [STDOUT]: [LS Tweaks][RV] outside grid
[19:33:42] [Render thread/INFO] (Minecraft) [STDOUT]: [LS Tweaks][RV] mouseClick handled=false btn=0 @244.0,33.5
[19:33:44] [Render thread/INFO] (Minecraft) [STDOUT]: [LS Tweaks][RV] click in overlay region? mx=134.5 my=203.5
[19:33:44] [Render thread/INFO] (Minecraft) [STDOUT]: [LS Tweaks][RV] outside grid
[19:33:44] [Render thread/INFO] (Minecraft) [STDOUT]: [LS Tweaks][RV] mouseClick handled=false btn=0 @134.5,203.5
[19:33:44] [Render thread/INFO] (Minecraft) [STDOUT]: [LS Tweaks][RV] click in overlay region? mx=134.5 my=203.5
[19:33:44] [Render thread/INFO] (Minecraft) [STDOUT]: [LS Tweaks][RV] outside grid
[19:33:44] [Render thread/INFO] (Minecraft) [STDOUT]: [LS Tweaks][RV] click in overlay region? mx=134.5 my=203.5
[19:33:44] [Render thread/INFO] (Minecraft) [STDOUT]: [LS Tweaks][RV] outside grid
[19:33:44] [Render thread/INFO] (Minecraft) [STDOUT]: [LS Tweaks][RV] mouseClick handled=false btn=0 @134.5,203.5
[19:33:45] [Render thread/INFO] (Minecraft) [STDOUT]: [LS Tweaks][RV] click in overlay region? mx=134.5 my=203.5
[19:33:45] [Render thread/INFO] (Minecraft) [STDOUT]: [LS Tweaks][RV] outside grid
[19:33:45] [Render thread/INFO] (Minecraft) [STDOUT]: [LS Tweaks][RV] mouseClick handled=false btn=0 @134.5,203.5
[19:33:45] [Render thread/INFO] (Minecraft) [STDOUT]: [LS Tweaks][RV] click in overlay region? mx=134.5 my=203.5
[19:33:45] [Render thread/INFO] (Minecraft) [STDOUT]: [LS Tweaks][RV] outside grid
[19:33:45] [Render thread/INFO] (Minecraft) [STDOUT]: [LS Tweaks][RV] click in overlay region? mx=134.5 my=203.5
[19:33:45] [Render thread/INFO] (Minecraft) [STDOUT]: [LS Tweaks][RV] outside grid
[19:33:45] [Render thread/INFO] (Minecraft) [STDOUT]: [LS Tweaks][RV] mouseClick handled=false btn=0 @134.5,203.5
[19:33:45] [Render thread/INFO] (Minecraft) [STDOUT]: [LS Tweaks][RV] click in overlay region? mx=134.5 my=203.5
[19:33:45] [Render thread/INFO] (Minecraft) [STDOUT]: [LS Tweaks][RV] outside grid
[19:33:45] [Render thread/INFO] (Minecraft) [STDOUT]: [LS Tweaks][RV] mouseClick handled=false btn=0 @134.5,203.5
[19:33:45] [Render thread/INFO] (Minecraft) [STDOUT]: [LS Tweaks][RV] click in overlay region? mx=134.5 my=203.5
[19:33:45] [Render thread/INFO] (Minecraft) [STDOUT]: [LS Tweaks][RV] outside grid
[19:33:45] [Render thread/INFO] (Minecraft) [STDOUT]: [LS Tweaks][RV] click in overlay region? mx=134.5 my=203.5
[19:33:45] [Render thread/INFO] (Minecraft) [STDOUT]: [LS Tweaks][RV] outside grid
[19:33:45] [Render thread/INFO] (Minecraft) [STDOUT]: [LS Tweaks][RV] mouseClick handled=false btn=0 @134.5,203.5
[19:33:46] [Render thread/INFO] (Minecraft) [STDOUT]: [LS Tweaks][RV] click in overlay region? mx=134.5 my=203.5
[19:33:46] [Render thread/INFO] (Minecraft) [STDOUT]: [LS Tweaks][RV] outside grid
[19:33:46] [Render thread/INFO] (Minecraft) [STDOUT]: [LS Tweaks][RV] mouseClick handled=false btn=0 @134.5,203.5
[19:33:46] [Render thread/INFO] (Minecraft) [STDOUT]: [LS Tweaks][RV] click in overlay region? mx=134.5 my=203.5
[19:33:46] [Render thread/INFO] (Minecraft) [STDOUT]: [LS Tweaks][RV] outside grid
[19:33:46] [Render thread/INFO] (Minecraft) [STDOUT]: [LS Tweaks][RV] click in overlay region? mx=134.5 my=203.5
[19:33:46] [Render thread/INFO] (Minecraft) [STDOUT]: [LS Tweaks][RV] outside grid
[19:33:46] [Render thread/INFO] (Minecraft) [STDOUT]: [LS Tweaks][RV] mouseClick handled=false btn=0 @134.5,203.5
[19:33:46] [Render thread/INFO] (Minecraft) [STDOUT]: [LS Tweaks][RV] click in overlay region? mx=134.5 my=203.5
[19:33:46] [Render thread/INFO] (Minecraft) [STDOUT]: [LS Tweaks][RV] outside grid
[19:33:46] [Render thread/INFO] (Minecraft) [STDOUT]: [LS Tweaks][RV] mouseClick handled=false btn=0 @134.5,203.5
[19:33:46] [Render thread/INFO] (Minecraft) [STDOUT]: [LS Tweaks][RV] click in overlay region? mx=134.5 my=203.5
[19:33:46] [Render thread/INFO] (Minecraft) [STDOUT]: [LS Tweaks][RV] outside grid
[19:33:46] [Render thread/INFO] (Minecraft) [STDOUT]: [LS Tweaks][RV] click in overlay region? mx=134.5 my=203.5
[19:33:46] [Render thread/INFO] (Minecraft) [STDOUT]: [LS Tweaks][RV] outside grid
[19:33:46] [Render thread/INFO] (Minecraft) [STDOUT]: [LS Tweaks][RV] mouseClick handled=false btn=0 @134.5,203.5
[19:33:46] [Render thread/INFO] (Minecraft) [STDOUT]: [LS Tweaks][RV] click in overlay region? mx=134.5 my=203.5
[19:33:46] [Render thread/INFO] (Minecraft) [STDOUT]: [LS Tweaks][RV] outside grid
[19:33:46] [Render thread/INFO] (Minecraft) [STDOUT]: [LS Tweaks][RV] mouseClick handled=false btn=0 @134.5,203.5
[19:33:46] [Render thread/INFO] (Minecraft) [STDOUT]: [LS Tweaks][RV] click in overlay region? mx=134.5 my=203.5
[19:33:46] [Render thread/INFO] (Minecraft) [STDOUT]: [LS Tweaks][RV] outside grid
[19:33:46] [Render thread/INFO] (Minecraft) [STDOUT]: [LS Tweaks][RV] click in overlay region? mx=134.5 my=203.5
[19:33:46] [Render thread/INFO] (Minecraft) [STDOUT]: [LS Tweaks][RV] outside grid
[19:33:46] [Render thread/INFO] (Minecraft) [STDOUT]: [LS Tweaks][RV] mouseClick handled=false btn=0 @134.5,203.5
[19:33:46] [Render thread/INFO] (Minecraft) [STDOUT]: [LS Tweaks][RV] click in overlay region? mx=134.5 my=203.5
[19:33:46] [Render thread/INFO] (Minecraft) [STDOUT]: [LS Tweaks][RV] outside grid
[19:33:46] [Render thread/INFO] (Minecraft) [STDOUT]: [LS Tweaks][RV] mouseClick handled=false btn=0 @134.5,203.5
[19:33:46] [Render thread/INFO] (Minecraft) [STDOUT]: [LS Tweaks][RV] click in overlay region? mx=134.5 my=203.5
[19:33:46] [Render thread/INFO] (Minecraft) [STDOUT]: [LS Tweaks][RV] outside grid
[19:33:46] [Render thread/INFO] (Minecraft) [STDOUT]: [LS Tweaks][RV] click in overlay region? mx=134.5 my=203.5
[19:33:46] [Render thread/INFO] (Minecraft) [STDOUT]: [LS Tweaks][RV] outside grid
[19:33:46] [Render thread/INFO] (Minecraft) [STDOUT]: [LS Tweaks][RV] mouseClick handled=false btn=0 @134.5,203.5
[19:33:48] [Render thread/INFO] (Minecraft) [STDOUT]: [LS Tweaks][RV] click in overlay region? mx=325.0 my=220.0
[19:33:48] [Render thread/INFO] (Minecraft) [STDOUT]: [LS Tweaks][RV] prev page
[19:33:48] [Render thread/INFO] (Minecraft) [STDOUT]: [LS Tweaks][RV] mouseClick handled=true btn=0 @325.0,220.0
[19:33:48] [Render thread/INFO] (Minecraft) [STDOUT]: [LS Tweaks][RV] click in overlay region? mx=325.0 my=220.0
[19:33:48] [Render thread/INFO] (Minecraft) [STDOUT]: [LS Tweaks][RV] prev page
[19:33:48] [Render thread/INFO] (Minecraft) [STDOUT]: [LS Tweaks][RV] mouseClick handled=true btn=0 @325.0,220.0
[19:33:48] [Render thread/INFO] (Minecraft) [STDOUT]: [LS Tweaks][RV] click in overlay region? mx=325.0 my=220.0
[19:33:48] [Render thread/INFO] (Minecraft) [STDOUT]: [LS Tweaks][RV] prev page
[19:33:48] [Render thread/INFO] (Minecraft) [STDOUT]: [LS Tweaks][RV] mouseClick handled=true btn=0 @325.0,220.0
[19:33:48] [Render thread/INFO] (Minecraft) [STDOUT]: [LS Tweaks][RV] click in overlay region? mx=325.0 my=220.0
[19:33:48] [Render thread/INFO] (Minecraft) [STDOUT]: [LS Tweaks][RV] prev page
[19:33:48] [Render thread/INFO] (Minecraft) [STDOUT]: [LS Tweaks][RV] mouseClick handled=true btn=0 @325.0,220.0
[19:33:48] [Render thread/INFO] (Minecraft) [STDOUT]: [LS Tweaks][RV] click in overlay region? mx=325.0 my=220.0
[19:33:48] [Render thread/INFO] (Minecraft) [STDOUT]: [LS Tweaks][RV] prev page
[19:33:48] [Render thread/INFO] (Minecraft) [STDOUT]: [LS Tweaks][RV] mouseClick handled=true btn=0 @325.0,220.0
[19:33:48] [Render thread/INFO] (Minecraft) [STDOUT]: [LS Tweaks][RV] click in overlay region? mx=372.0 my=113.5
[19:33:48] [Render thread/INFO] (Minecraft) [STDOUT]: [LS Tweaks][RV] open recipes for Birch Stairs
[19:33:48] [Render thread/INFO] (Minecraft) [STDOUT]: [LS Tweaks][RV] openForResult Birch Stairs
[19:33:48] [Render thread/INFO] (Minecraft) [STDOUT]: [LS Tweaks][RV] openForResult holders=1 for Birch Stairs
[19:33:48] [Render thread/INFO] (Minecraft) [STDOUT]: [LS Tweaks][RV] Slot finalizePosition mode=TOP_CENTER -> (65,0) cw=148 ch=99
[19:33:48] [Render thread/INFO] (Minecraft) [STDOUT]: [LS Tweaks][RV] result displays found=1
[19:33:48] [Render thread/INFO] (Minecraft) [STDOUT]: [LS Tweaks][RV] mouseClick handled=true btn=0 @372.0,113.5
[19:33:50] [Render thread/INFO] (Minecraft) [STDOUT]: [LS Tweaks][RV] click in overlay region? mx=250.5 my=33.0
[19:33:50] [Render thread/INFO] (Minecraft) [STDOUT]: [LS Tweaks][RV] outside grid
[19:33:50] [Render thread/INFO] (Minecraft) [STDOUT]: [LS Tweaks][RV] mouseClick handled=false btn=0 @250.5,33.0
[19:33:50] [Render thread/INFO] (Minecraft) [STDOUT]: [LS Tweaks][RV] click in overlay region? mx=250.5 my=33.0
[19:33:50] [Render thread/INFO] (Minecraft) [STDOUT]: [LS Tweaks][RV] outside grid
[19:33:50] [Render thread/INFO] (Minecraft) [STDOUT]: [LS Tweaks][RV] RecipeIndex.ensureBuilt: rebuilding indices
[19:33:50] [Render thread/INFO] (Minecraft) [STDOUT]: [LS Tweaks][RV] Index built: recipes=1922 resultsKeys=0 ingredientKeys=2106 totalIngredients=10044
[19:33:50] [Render thread/INFO] (Minecraft) [STDOUT]: [LS Tweaks][RV] Slot finalizePosition mode=TOP_CENTER -> (17,0) cw=52 ch=47
[19:33:50] [Render thread/INFO] (Minecraft) [STDOUT]: [LS Tweaks][RV] Slot finalizePosition mode=TOP_CENTER -> (30,0) cw=78 ch=47
[19:33:50] [Render thread/INFO] (Minecraft) [STDOUT]: [LS Tweaks][RV] Slot finalizePosition mode=TOP_CENTER -> (30,0) cw=78 ch=47
[19:33:50] [Render thread/INFO] (Minecraft) [STDOUT]: [LS Tweaks][RV] Slot finalizePosition mode=TOP_CENTER -> (30,0) cw=78 ch=47
[19:33:50] [Render thread/INFO] (Minecraft) [STDOUT]: [LS Tweaks][RV] Slot finalizePosition mode=TOP_CENTER -> (30,0) cw=78 ch=47
[19:33:50] [Render thread/INFO] (Minecraft) [STDOUT]: [LS Tweaks][RV] Slot finalizePosition mode=TOP_CENTER -> (30,0) cw=78 ch=47
[19:33:50] [Render thread/INFO] (Minecraft) [STDOUT]: [LS Tweaks][RV] Slot finalizePosition mode=TOP_CENTER -> (30,0) cw=78 ch=47
[19:33:50] [Render thread/INFO] (Minecraft) [STDOUT]: [LS Tweaks][RV] Slot finalizePosition mode=TOP_CENTER -> (30,0) cw=78 ch=47
[19:33:50] [Render thread/INFO] (Minecraft) [STDOUT]: [LS Tweaks][RV] Slot finalizePosition mode=TOP_CENTER -> (30,0) cw=78 ch=47
[19:33:50] [Render thread/INFO] (Minecraft) [STDOUT]: [LS Tweaks][RV] Slot finalizePosition mode=TOP_CENTER -> (30,0) cw=78 ch=47
[19:33:50] [Render thread/INFO] (Minecraft) [STDOUT]: [LS Tweaks][RV] Slot finalizePosition mode=TOP_CENTER -> (30,0) cw=78 ch=47
[19:33:50] [Render thread/INFO] (Minecraft) [STDOUT]: [LS Tweaks][RV] Slot finalizePosition mode=TOP_CENTER -> (30,0) cw=78 ch=47
[19:33:50] [Render thread/INFO] (Minecraft) [STDOUT]: [LS Tweaks][RV] Slot finalizePosition mode=TOP_CENTER -> (65,0) cw=148 ch=99
[19:33:50] [Render thread/INFO] (Minecraft) [STDOUT]: [LS Tweaks][RV] Slot finalizePosition mode=TOP_CENTER -> (65,0) cw=148 ch=99
[19:33:50] [Render thread/INFO] (Minecraft) [STDOUT]: [LS Tweaks][RV] Slot finalizePosition mode=TOP_CENTER -> (65,0) cw=148 ch=99
[19:33:50] [Render thread/INFO] (Minecraft) [STDOUT]: [LS Tweaks][RV] Slot finalizePosition mode=TOP_CENTER -> (65,0) cw=148 ch=99
[19:33:50] [Render thread/INFO] (Minecraft) [STDOUT]: [LS Tweaks][RV] Slot finalizePosition mode=TOP_CENTER -> (65,0) cw=148 ch=99
[19:33:50] [Render thread/INFO] (Minecraft) [STDOUT]: [LS Tweaks][RV] Slot finalizePosition mode=TOP_CENTER -> (65,0) cw=148 ch=99
[19:33:50] [Render thread/INFO] (Minecraft) [STDOUT]: [LS Tweaks][RV] Slot finalizePosition mode=TOP_CENTER -> (65,0) cw=148 ch=99
[19:33:50] [Render thread/INFO] (Minecraft) [STDOUT]: [LS Tweaks][RV] Slot finalizePosition mode=TOP_CENTER -> (65,0) cw=148 ch=99
[19:33:50] [Render thread/INFO] (Minecraft) [STDOUT]: [LS Tweaks][RV] Slot finalizePosition mode=TOP_CENTER -> (65,0) cw=148 ch=99
[19:33:50] [Render thread/INFO] (Minecraft) [STDOUT]: [LS Tweaks][RV] Slot finalizePosition mode=TOP_CENTER -> (65,0) cw=148 ch=99
[19:33:50] [Render thread/INFO] (Minecraft) [STDOUT]: [LS Tweaks][RV] Slot finalizePosition mode=TOP_CENTER -> (65,0) cw=148 ch=99
[19:33:50] [Render thread/INFO] (Minecraft) [STDOUT]: [LS Tweaks][RV] Slot finalizePosition mode=TOP_CENTER -> (4,0) cw=26 ch=47
[19:33:50] [Render thread/INFO] (Minecraft) [STDOUT]: [LS Tweaks][RV] Slot finalizePosition mode=TOP_CENTER -> (4,0) cw=26 ch=47
[19:33:50] [Render thread/INFO] (Minecraft) [STDOUT]: [LS Tweaks][RV] Slot finalizePosition mode=TOP_CENTER -> (4,0) cw=26 ch=47
[19:33:50] [Render thread/INFO] (Minecraft) [STDOUT]: [LS Tweaks][RV] Slot finalizePosition mode=TOP_CENTER -> (4,0) cw=26 ch=47
[19:33:50] [Render thread/INFO] (Minecraft) [STDOUT]: [LS Tweaks][RV] Slot finalizePosition mode=TOP_CENTER -> (4,0) cw=26 ch=47
[19:33:50] [Render thread/INFO] (Minecraft) [STDOUT]: [LS Tweaks][RV] Slot finalizePosition mode=TOP_CENTER -> (4,0) cw=26 ch=47
[19:33:50] [Render thread/INFO] (Minecraft) [STDOUT]: [LS Tweaks][RV] Slot finalizePosition mode=TOP_CENTER -> (4,0) cw=26 ch=47
[19:33:50] [Render thread/INFO] (Minecraft) [STDOUT]: [LS Tweaks][RV] Slot finalizePosition mode=TOP_CENTER -> (4,0) cw=26 ch=47
[19:33:50] [Render thread/INFO] (Minecraft) [STDOUT]: [LS Tweaks][RV] Slot finalizePosition mode=TOP_CENTER -> (4,0) cw=26 ch=47
[19:33:50] [Render thread/INFO] (Minecraft) [STDOUT]: [LS Tweaks][RV] Slot finalizePosition mode=TOP_CENTER -> (4,0) cw=26 ch=47
[19:33:50] [Render thread/INFO] (Minecraft) [STDOUT]: [LS Tweaks][RV] Slot finalizePosition mode=TOP_CENTER -> (4,0) cw=26 ch=47
[19:33:50] [Render thread/INFO] (Minecraft) [STDOUT]: [LS Tweaks][RV] Slot finalizePosition mode=TOP_CENTER -> (4,0) cw=26 ch=47
[19:33:50] [Render thread/INFO] (Minecraft) [STDOUT]: [LS Tweaks][RV] Slot finalizePosition mode=TOP_CENTER -> (69,0) cw=156 ch=73
[19:33:50] [Render thread/INFO] (Minecraft) [STDOUT]: [LS Tweaks][RV] Slot finalizePosition mode=TOP_CENTER -> (17,0) cw=52 ch=47
[19:33:50] [Render thread/INFO] (Minecraft) [STDOUT]: [LS Tweaks][RV] Slot finalizePosition mode=TOP_CENTER -> (4,0) cw=26 ch=47
[19:33:50] [Render thread/INFO] (Minecraft) [STDOUT]: [LS Tweaks][RV] Slot finalizePosition mode=TOP_CENTER -> (4,0) cw=26 ch=47
[19:33:50] [Render thread/INFO] (Minecraft) [STDOUT]: [LS Tweaks][RV] Slot finalizePosition mode=TOP_CENTER -> (4,0) cw=26 ch=47
[19:33:50] [Render thread/INFO] (Minecraft) [STDOUT]: [LS Tweaks][RV] Slot finalizePosition mode=TOP_CENTER -> (4,0) cw=26 ch=47
[19:33:50] [Render thread/INFO] (Minecraft) [STDOUT]: [LS Tweaks][RV] Slot finalizePosition mode=TOP_CENTER -> (4,0) cw=26 ch=47
[19:33:50] [Render thread/INFO] (Minecraft) [STDOUT]: [LS Tweaks][RV] Slot finalizePosition mode=TOP_CENTER -> (4,0) cw=26 ch=47
[19:33:50] [Render thread/INFO] (Minecraft) [STDOUT]: [LS Tweaks][RV] Slot finalizePosition mode=TOP_CENTER -> (4,0) cw=26 ch=47
[19:33:50] [Render thread/INFO] (Minecraft) [STDOUT]: [LS Tweaks][RV] Slot finalizePosition mode=TOP_CENTER -> (4,0) cw=26 ch=47
[19:33:50] [Render thread/INFO] (Minecraft) [STDOUT]: [LS Tweaks][RV] Slot finalizePosition mode=TOP_CENTER -> (4,0) cw=26 ch=47
[19:33:50] [Render thread/INFO] (Minecraft) [STDOUT]: [LS Tweaks][RV] Slot finalizePosition mode=TOP_CENTER -> (4,0) cw=26 ch=47
[19:33:50] [Render thread/INFO] (Minecraft) [STDOUT]: [LS Tweaks][RV] Slot finalizePosition mode=TOP_CENTER -> (4,0) cw=26 ch=47
[19:33:50] [Render thread/INFO] (Minecraft) [STDOUT]: [LS Tweaks][RV] Slot finalizePosition mode=TOP_CENTER -> (4,0) cw=26 ch=47
[19:33:50] [Render thread/INFO] (Minecraft) [STDOUT]: [LS Tweaks][RV] Slot finalizePosition mode=TOP_CENTER -> (4,0) cw=26 ch=47
[19:33:50] [Render thread/INFO] (Minecraft) [STDOUT]: [LS Tweaks][RV] Slot finalizePosition mode=TOP_CENTER -> (4,0) cw=26 ch=47
[19:33:50] [Render thread/INFO] (Minecraft) [STDOUT]: [LS Tweaks][RV] Slot finalizePosition mode=TOP_CENTER -> (4,0) cw=26 ch=47
[19:33:50] [Render thread/INFO] (Minecraft) [STDOUT]: [LS Tweaks][RV] Slot finalizePosition mode=TOP_CENTER -> (4,0) cw=26 ch=47
[19:33:50] [Render thread/INFO] (Minecraft) [STDOUT]: [LS Tweaks][RV] Slot finalizePosition mode=TOP_CENTER -> (4,0) cw=26 ch=47
[19:33:50] [Render thread/INFO] (Minecraft) [STDOUT]: [LS Tweaks][RV] Slot finalizePosition mode=TOP_CENTER -> (4,0) cw=26 ch=47
[19:33:50] [Render thread/INFO] (Minecraft) [STDOUT]: [LS Tweaks][RV] Slot finalizePosition mode=TOP_CENTER -> (4,0) cw=26 ch=47
[19:33:50] [Render thread/INFO] (Minecraft) [STDOUT]: [LS Tweaks][RV] click in overlay region? mx=250.5 my=33.0
[19:33:50] [Render thread/INFO] (Minecraft) [STDOUT]: [LS Tweaks][RV] outside grid
[19:33:50] [Render thread/INFO] (Minecraft) [STDOUT]: [LS Tweaks][RV] mouseClick handled=false btn=0 @250.5,33.0
[19:33:51] [Render thread/INFO] (Minecraft) [STDOUT]: [LS Tweaks][RV] click in overlay region? mx=293.5 my=202.0
[19:33:51] [Render thread/INFO] (Minecraft) [STDOUT]: [LS Tweaks][RV] outside grid
[19:33:51] [Render thread/INFO] (Minecraft) [STDOUT]: [LS Tweaks][RV] mouseClick handled=false btn=0 @293.5,202.0
[19:33:51] [Render thread/INFO] (Minecraft) [STDOUT]: [LS Tweaks][RV] click in overlay region? mx=293.5 my=202.0
[19:33:51] [Render thread/INFO] (Minecraft) [STDOUT]: [LS Tweaks][RV] outside grid
[19:33:51] [Render thread/INFO] (Minecraft) [STDOUT]: [LS Tweaks][RV] click in overlay region? mx=293.5 my=202.0
[19:33:51] [Render thread/INFO] (Minecraft) [STDOUT]: [LS Tweaks][RV] outside grid
[19:33:51] [Render thread/INFO] (Minecraft) [STDOUT]: [LS Tweaks][RV] mouseClick handled=false btn=0 @293.5,202.0
[19:33:51] [Render thread/INFO] (Minecraft) [STDOUT]: [LS Tweaks][RV] click in overlay region? mx=293.5 my=202.0
[19:33:51] [Render thread/INFO] (Minecraft) [STDOUT]: [LS Tweaks][RV] outside grid
[19:33:51] [Render thread/INFO] (Minecraft) [STDOUT]: [LS Tweaks][RV] mouseClick handled=false btn=0 @293.5,202.0
[19:33:51] [Render thread/INFO] (Minecraft) [STDOUT]: [LS Tweaks][RV] click in overlay region? mx=293.5 my=202.0
[19:33:51] [Render thread/INFO] (Minecraft) [STDOUT]: [LS Tweaks][RV] outside grid
[19:33:51] [Render thread/INFO] (Minecraft) [STDOUT]: [LS Tweaks][RV] click in overlay region? mx=293.5 my=202.0
[19:33:51] [Render thread/INFO] (Minecraft) [STDOUT]: [LS Tweaks][RV] outside grid
[19:33:51] [Render thread/INFO] (Minecraft) [STDOUT]: [LS Tweaks][RV] mouseClick handled=false btn=0 @293.5,202.0
[19:33:51] [Render thread/INFO] (Minecraft) [STDOUT]: [LS Tweaks][RV] click in overlay region? mx=293.5 my=202.0
[19:33:51] [Render thread/INFO] (Minecraft) [STDOUT]: [LS Tweaks][RV] outside grid
[19:33:51] [Render thread/INFO] (Minecraft) [STDOUT]: [LS Tweaks][RV] mouseClick handled=false btn=0 @293.5,202.0
[19:33:51] [Render thread/INFO] (Minecraft) [STDOUT]: [LS Tweaks][RV] click in overlay region? mx=293.5 my=202.0
[19:33:51] [Render thread/INFO] (Minecraft) [STDOUT]: [LS Tweaks][RV] outside grid
[19:33:51] [Render thread/INFO] (Minecraft) [STDOUT]: [LS Tweaks][RV] click in overlay region? mx=293.5 my=202.0
[19:33:51] [Render thread/INFO] (Minecraft) [STDOUT]: [LS Tweaks][RV] outside grid
[19:33:51] [Render thread/INFO] (Minecraft) [STDOUT]: [LS Tweaks][RV] mouseClick handled=false btn=0 @293.5,202.0
[19:33:51] [Render thread/INFO] (Minecraft) [STDOUT]: [LS Tweaks][RV] click in overlay region? mx=293.5 my=202.0
[19:33:51] [Render thread/INFO] (Minecraft) [STDOUT]: [LS Tweaks][RV] outside grid
[19:33:51] [Render thread/INFO] (Minecraft) [STDOUT]: [LS Tweaks][RV] mouseClick handled=false btn=0 @293.5,202.0
[19:33:51] [Render thread/INFO] (Minecraft) [STDOUT]: [LS Tweaks][RV] click in overlay region? mx=293.5 my=202.0
[19:33:51] [Render thread/INFO] (Minecraft) [STDOUT]: [LS Tweaks][RV] outside grid
[19:33:51] [Render thread/INFO] (Minecraft) [STDOUT]: [LS Tweaks][RV] click in overlay region? mx=293.5 my=202.0
[19:33:51] [Render thread/INFO] (Minecraft) [STDOUT]: [LS Tweaks][RV] outside grid
[19:33:51] [Render thread/INFO] (Minecraft) [STDOUT]: [LS Tweaks][RV] mouseClick handled=false btn=0 @293.5,202.0
[19:33:52] [Render thread/INFO] (Minecraft) [STDOUT]: [LS Tweaks][RV] click in overlay region? mx=293.5 my=202.0
[19:33:52] [Render thread/INFO] (Minecraft) [STDOUT]: [LS Tweaks][RV] outside grid
[19:33:52] [Render thread/INFO] (Minecraft) [STDOUT]: [LS Tweaks][RV] mouseClick handled=false btn=0 @293.5,202.0
[19:33:52] [Render thread/INFO] (Minecraft) [STDOUT]: [LS Tweaks][RV] click in overlay region? mx=293.5 my=202.0
[19:33:52] [Render thread/INFO] (Minecraft) [STDOUT]: [LS Tweaks][RV] outside grid
[19:33:52] [Render thread/INFO] (Minecraft) [STDOUT]: [LS Tweaks][RV] click in overlay region? mx=293.5 my=202.0
[19:33:52] [Render thread/INFO] (Minecraft) [STDOUT]: [LS Tweaks][RV] outside grid
[19:33:52] [Render thread/INFO] (Minecraft) [STDOUT]: [LS Tweaks][RV] mouseClick handled=false btn=0 @293.5,202.0
[19:33:52] [Render thread/INFO] (Minecraft) [STDOUT]: [LS Tweaks][RV] click in overlay region? mx=293.5 my=202.0
[19:33:52] [Render thread/INFO] (Minecraft) [STDOUT]: [LS Tweaks][RV] outside grid
[19:33:52] [Render thread/INFO] (Minecraft) [STDOUT]: [LS Tweaks][RV] mouseClick handled=false btn=0 @293.5,202.0
[19:33:52] [Render thread/INFO] (Minecraft) [STDOUT]: [LS Tweaks][RV] click in overlay region? mx=293.5 my=202.0
[19:33:52] [Render thread/INFO] (Minecraft) [STDOUT]: [LS Tweaks][RV] outside grid
[19:33:52] [Render thread/INFO] (Minecraft) [STDOUT]: [LS Tweaks][RV] click in overlay region? mx=293.5 my=202.0
[19:33:52] [Render thread/INFO] (Minecraft) [STDOUT]: [LS Tweaks][RV] outside grid
[19:33:52] [Render thread/INFO] (Minecraft) [STDOUT]: [LS Tweaks][RV] mouseClick handled=false btn=0 @293.5,202.0
[19:33:52] [Render thread/INFO] (Minecraft) [STDOUT]: [LS Tweaks][RV] click in overlay region? mx=293.5 my=202.0
[19:33:52] [Render thread/INFO] (Minecraft) [STDOUT]: [LS Tweaks][RV] outside grid
[19:33:52] [Render thread/INFO] (Minecraft) [STDOUT]: [LS Tweaks][RV] mouseClick handled=false btn=0 @293.5,202.0
[19:33:52] [Render thread/INFO] (Minecraft) [STDOUT]: [LS Tweaks][RV] click in overlay region? mx=293.5 my=202.0
[19:33:52] [Render thread/INFO] (Minecraft) [STDOUT]: [LS Tweaks][RV] outside grid
[19:33:52] [Render thread/INFO] (Minecraft) [STDOUT]: [LS Tweaks][RV] click in overlay region? mx=293.5 my=202.0
[19:33:52] [Render thread/INFO] (Minecraft) [STDOUT]: [LS Tweaks][RV] outside grid
[19:33:52] [Render thread/INFO] (Minecraft) [STDOUT]: [LS Tweaks][RV] mouseClick handled=false btn=0 @293.5,202.0
[19:33:52] [Render thread/INFO] (Minecraft) [STDOUT]: [LS Tweaks][RV] click in overlay region? mx=289.0 my=204.0
[19:33:52] [Render thread/INFO] (Minecraft) [STDOUT]: [LS Tweaks][RV] outside grid
[19:33:52] [Render thread/INFO] (Minecraft) [STDOUT]: [LS Tweaks][RV] mouseClick handled=false btn=0 @289.0,204.0
[19:33:52] [Render thread/INFO] (Minecraft) [STDOUT]: [LS Tweaks][RV] click in overlay region? mx=289.0 my=204.0
[19:33:52] [Render thread/INFO] (Minecraft) [STDOUT]: [LS Tweaks][RV] outside grid
[19:33:52] [Render thread/INFO] (Minecraft) [STDOUT]: [LS Tweaks][RV] click in overlay region? mx=289.0 my=204.0
[19:33:52] [Render thread/INFO] (Minecraft) [STDOUT]: [LS Tweaks][RV] outside grid
[19:33:52] [Render thread/INFO] (Minecraft) [STDOUT]: [LS Tweaks][RV] mouseClick handled=false btn=0 @289.0,204.0
[19:33:52] [Render thread/INFO] (Minecraft) [STDOUT]: [LS Tweaks][RV] click in overlay region? mx=289.0 my=204.0
[19:33:52] [Render thread/INFO] (Minecraft) [STDOUT]: [LS Tweaks][RV] outside grid
[19:33:52] [Render thread/INFO] (Minecraft) [STDOUT]: [LS Tweaks][RV] mouseClick handled=false btn=0 @289.0,204.0
[19:33:52] [Render thread/INFO] (Minecraft) [STDOUT]: [LS Tweaks][RV] click in overlay region? mx=289.0 my=204.0
[19:33:52] [Render thread/INFO] (Minecraft) [STDOUT]: [LS Tweaks][RV] outside grid
[19:33:52] [Render thread/INFO] (Minecraft) [STDOUT]: [LS Tweaks][RV] click in overlay region? mx=289.0 my=204.0
[19:33:52] [Render thread/INFO] (Minecraft) [STDOUT]: [LS Tweaks][RV] outside grid
[19:33:52] [Render thread/INFO] (Minecraft) [STDOUT]: [LS Tweaks][RV] mouseClick handled=false btn=0 @289.0,204.0
[19:33:52] [Render thread/INFO] (Minecraft) [STDOUT]: [LS Tweaks][RV] click in overlay region? mx=289.0 my=204.0
[19:33:52] [Render thread/INFO] (Minecraft) [STDOUT]: [LS Tweaks][RV] outside grid
[19:33:52] [Render thread/INFO] (Minecraft) [STDOUT]: [LS Tweaks][RV] mouseClick handled=false btn=0 @289.0,204.0
[19:33:52] [Render thread/INFO] (Minecraft) [STDOUT]: [LS Tweaks][RV] click in overlay region? mx=289.0 my=204.0
[19:33:52] [Render thread/INFO] (Minecraft) [STDOUT]: [LS Tweaks][RV] outside grid
[19:33:52] [Render thread/INFO] (Minecraft) [STDOUT]: [LS Tweaks][RV] click in overlay region? mx=289.0 my=204.0
[19:33:52] [Render thread/INFO] (Minecraft) [STDOUT]: [LS Tweaks][RV] outside grid
[19:33:52] [Render thread/INFO] (Minecraft) [STDOUT]: [LS Tweaks][RV] mouseClick handled=false btn=0 @289.0,204.0
[19:33:52] [Render thread/INFO] (Minecraft) [STDOUT]: [LS Tweaks][RV] click in overlay region? mx=289.0 my=204.0
[19:33:52] [Render thread/INFO] (Minecraft) [STDOUT]: [LS Tweaks][RV] outside grid
[19:33:52] [Render thread/INFO] (Minecraft) [STDOUT]: [LS Tweaks][RV] mouseClick handled=false btn=0 @289.0,204.0
[19:33:52] [Render thread/INFO] (Minecraft) [STDOUT]: [LS Tweaks][RV] click in overlay region? mx=289.0 my=204.0
[19:33:52] [Render thread/INFO] (Minecraft) [STDOUT]: [LS Tweaks][RV] outside grid
[19:33:52] [Render thread/INFO] (Minecraft) [STDOUT]: [LS Tweaks][RV] click in overlay region? mx=289.0 my=204.0
[19:33:52] [Render thread/INFO] (Minecraft) [STDOUT]: [LS Tweaks][RV] outside grid
[19:33:52] [Render thread/INFO] (Minecraft) [STDOUT]: [LS Tweaks][RV] mouseClick handled=false btn=0 @289.0,204.0
[19:33:53] [Render thread/INFO] (Minecraft) [STDOUT]: [LS Tweaks][RV] click in overlay region? mx=288.0 my=204.0
[19:33:53] [Render thread/INFO] (Minecraft) [STDOUT]: [LS Tweaks][RV] outside grid
[19:33:53] [Render thread/INFO] (Minecraft) [STDOUT]: [LS Tweaks][RV] mouseClick handled=false btn=0 @288.0,204.0
[19:33:53] [Render thread/INFO] (Minecraft) [STDOUT]: [LS Tweaks][RV] click in overlay region? mx=288.0 my=204.0
[19:33:53] [Render thread/INFO] (Minecraft) [STDOUT]: [LS Tweaks][RV] outside grid
[19:33:53] [Render thread/INFO] (Minecraft) [STDOUT]: [LS Tweaks][RV] click in overlay region? mx=288.0 my=204.0
[19:33:53] [Render thread/INFO] (Minecraft) [STDOUT]: [LS Tweaks][RV] outside grid
[19:33:53] [Render thread/INFO] (Minecraft) [STDOUT]: [LS Tweaks][RV] mouseClick handled=false btn=0 @288.0,204.0
