[Architectury Transformer] Architectury Runtime 5.2.87
[Architectury Transformer DEBUG] Closed File Systems for E:\WorkSpaces\LYIVXs Tweaks\common\build\devlibs\lyivxs-tweaks-common-1.0.0-dev.jar
[Architectury Transformer DEBUG] Preparing tiny remapper prepared transformer: dev.architectury.transformer.handler.TinyRemapperPreparedTransformerHandler
[Architectury Transformer DEBUG] Provided 124 classpath jar(s):
[Architectury Transformer DEBUG]  - C:\Users\tommy\.gradle\caches\modules-2\files-2.1\dev.architectury\architectury-injectables\1.0.10\62db2a366d662606d1b23ad02ccc3212ed37ec3\architectury-injectables-1.0.10.jar
[Architectury Transformer DEBUG]  - C:\Users\tommy\.gradle\caches\modules-2\files-2.1\net.fabricmc\fabric-loader\0.17.2\647622ac4163aad5ed5f79ccb532e31225562aa\fabric-loader-0.17.2.jar
[Architectury Transformer DEBUG]  - C:\Users\tommy\.gradle\caches\modules-2\files-2.1\org.jetbrains\annotations\24.1.0\7af6a669488450c4a07c2c3254e2151df42d7d04\annotations-24.1.0.jar
[Architectury Transformer DEBUG]  - C:\Users\tommy\.gradle\caches\modules-2\files-2.1\org.ow2.asm\asm\9.8\dc19ecb3f7889b7860697215cae99c0f9b6f6b4b\asm-9.8.jar
[Architectury Transformer DEBUG]  - C:\Users\tommy\.gradle\caches\modules-2\files-2.1\org.ow2.asm\asm-analysis\9.8\b9747a320844b6cb1eacd90d8ecfd260a16c01d3\asm-analysis-9.8.jar
[Architectury Transformer DEBUG]  - C:\Users\tommy\.gradle\caches\modules-2\files-2.1\org.ow2.asm\asm-commons\9.8\36e4d212970388e5bd2c5180292012502df461bb\asm-commons-9.8.jar
[Architectury Transformer DEBUG]  - C:\Users\tommy\.gradle\caches\modules-2\files-2.1\org.ow2.asm\asm-tree\9.8\18419ca5b77a2f81097c741e7872e6ab8d2f40d\asm-tree-9.8.jar
[Architectury Transformer DEBUG]  - C:\Users\tommy\.gradle\caches\modules-2\files-2.1\org.ow2.asm\asm-util\9.8\395f1c1f035258511f27bc9b2583d76e4b143f59\asm-util-9.8.jar
[Architectury Transformer DEBUG]  - C:\Users\tommy\.gradle\caches\modules-2\files-2.1\net.fabricmc\sponge-mixin\0.16.3+mixin.0.8.7\3e535042688d1265447e52ad86950b7d9678a5fa\sponge-mixin-0.16.3+mixin.0.8.7.jar
[Architectury Transformer DEBUG]  - C:\Users\tommy\.gradle\caches\modules-2\files-2.1\io.github.llamalad7\mixinextras-fabric\0.5.0\91a83dfb7abd320f6236bd1fcf5c0ff143d59a13\mixinextras-fabric-0.5.0.jar
[Architectury Transformer DEBUG]  - C:\Users\tommy\.gradle\caches\modules-2\files-2.1\com.fasterxml.jackson.core\jackson-annotations\2.13.4\858c6cc78e1f08a885b1613e1d817c829df70a6e\jackson-annotations-2.13.4.jar
[Architectury Transformer DEBUG]  - C:\Users\tommy\.gradle\caches\modules-2\files-2.1\com.fasterxml.jackson.core\jackson-core\2.13.4\cf934c681294b97ef6d80082faeefbe1edadf56\jackson-core-2.13.4.jar
[Architectury Transformer DEBUG]  - C:\Users\tommy\.gradle\caches\modules-2\files-2.1\com.fasterxml.jackson.core\jackson-databind\2.13.4.2\325c06bdfeb628cfb80ebaaf1a26cc1eb558a585\jackson-databind-2.13.4.2.jar
[Architectury Transformer DEBUG]  - C:\Users\tommy\.gradle\caches\modules-2\files-2.1\com.github.oshi\oshi-core\6.6.5\e1099981fd15dc4236c4499d82aba1276fb43a9a\oshi-core-6.6.5.jar
[Architectury Transformer DEBUG]  - C:\Users\tommy\.gradle\caches\modules-2\files-2.1\com.github.stephenc.jcip\jcip-annotations\1.0-1\ef31541dd28ae2cefdd17c7ebf352d93e9058c63\jcip-annotations-1.0-1.jar
[Architectury Transformer DEBUG]  - C:\Users\tommy\.gradle\caches\modules-2\files-2.1\com.google.code.gson\gson\2.11.0\527175ca6d81050b53bdd4c457a6d6e017626b0e\gson-2.11.0.jar
[Architectury Transformer DEBUG]  - C:\Users\tommy\.gradle\caches\modules-2\files-2.1\com.google.guava\failureaccess\1.0.2\c4a06a64e650562f30b7bf9aaec1bfed43aca12b\failureaccess-1.0.2.jar
[Architectury Transformer DEBUG]  - C:\Users\tommy\.gradle\caches\modules-2\files-2.1\com.google.guava\guava\33.3.1-jre\852f8b363da0111e819460021ca693cacca3e8db\guava-33.3.1-jre.jar
[Architectury Transformer DEBUG]  - C:\Users\tommy\.gradle\caches\modules-2\files-2.1\com.ibm.icu\icu4j\76.1\215f3a8e936d4069344bd75f2b1368fd58112894\icu4j-76.1.jar
[Architectury Transformer DEBUG]  - C:\Users\tommy\.gradle\caches\modules-2\files-2.1\com.microsoft.azure\msal4j\1.17.2\a6211e3d71d0388929babaa0ff0951b30d001852\msal4j-1.17.2.jar
[Architectury Transformer DEBUG]  - C:\Users\tommy\.gradle\caches\modules-2\files-2.1\com.mojang\authlib\6.0.57\bded3161a7346de32213da750388ec6529fe4f6b\authlib-6.0.57.jar
[Architectury Transformer DEBUG]  - C:\Users\tommy\.gradle\caches\modules-2\files-2.1\com.mojang\blocklist\1.0.10\5c685c5ffa94c4cd39496c7184c1d122e515ecef\blocklist-1.0.10.jar
[Architectury Transformer DEBUG]  - C:\Users\tommy\.gradle\caches\modules-2\files-2.1\com.mojang\brigadier\1.3.10\d15b53a14cf20fdcaa98f731af5dda654452c010\brigadier-1.3.10.jar
[Architectury Transformer DEBUG]  - C:\Users\tommy\.gradle\caches\modules-2\files-2.1\com.mojang\datafixerupper\8.0.16\67d4de6d7f95d89bcf5862995fb854ebaec02a34\datafixerupper-8.0.16.jar
[Architectury Transformer DEBUG]  - C:\Users\tommy\.gradle\caches\modules-2\files-2.1\com.mojang\jtracy\1.0.29\6f07dcb6a2e595c7ee2ca43b67e5d1c018ca0770\jtracy-1.0.29.jar
[Architectury Transformer DEBUG]  - C:\Users\tommy\.gradle\caches\modules-2\files-2.1\com.mojang\logging\1.5.10\9ab1202793717af9df9c1704d0a02892067001eb\logging-1.5.10.jar
[Architectury Transformer DEBUG]  - C:\Users\tommy\.gradle\caches\modules-2\files-2.1\com.mojang\patchy\2.2.10\da05971b07cbb379d002cf7eaec6a2048211fefc\patchy-2.2.10.jar
[Architectury Transformer DEBUG]  - C:\Users\tommy\.gradle\caches\modules-2\files-2.1\com.mojang\text2speech\1.17.9\3cad216e3a7f0c19b4b394388bc9ffc446f13b14\text2speech-1.17.9.jar
[Architectury Transformer DEBUG]  - C:\Users\tommy\.gradle\caches\modules-2\files-2.1\com.nimbusds\content-type\2.3\e3aa0be212d7a42839a8f3f506f5b990bcce0222\content-type-2.3.jar
[Architectury Transformer DEBUG]  - C:\Users\tommy\.gradle\caches\modules-2\files-2.1\com.nimbusds\lang-tag\1.7\97c73ecd70bc7e8eefb26c5eea84f251a63f1031\lang-tag-1.7.jar
[Architectury Transformer DEBUG]  - C:\Users\tommy\.gradle\caches\modules-2\files-2.1\com.nimbusds\nimbus-jose-jwt\9.40\42b1dfa0360e4062951b070bac52dd8d96fd7b38\nimbus-jose-jwt-9.40.jar
[Architectury Transformer DEBUG]  - C:\Users\tommy\.gradle\caches\modules-2\files-2.1\com.nimbusds\oauth2-oidc-sdk\11.18\7c7ec4f4066625ff07a711ad856fa04da1ff9de\oauth2-oidc-sdk-11.18.jar
[Architectury Transformer DEBUG]  - C:\Users\tommy\.gradle\caches\modules-2\files-2.1\commons-codec\commons-codec\1.17.1\973638b7149d333563584137ebf13a691bb60579\commons-codec-1.17.1.jar
[Architectury Transformer DEBUG]  - C:\Users\tommy\.gradle\caches\modules-2\files-2.1\commons-io\commons-io\2.17.0\ddcc8433eb019fb48fe25207c0278143f3e1d7e2\commons-io-2.17.0.jar
[Architectury Transformer DEBUG]  - C:\Users\tommy\.gradle\caches\modules-2\files-2.1\commons-logging\commons-logging\1.3.4\b9fc14968d63a8b8a8a2c1885fe3e90564239708\commons-logging-1.3.4.jar
[Architectury Transformer DEBUG]  - C:\Users\tommy\.gradle\caches\modules-2\files-2.1\io.netty\netty-buffer\4.1.115.Final\d5daf1030e5c36d198caf7562da2441a97ec0df6\netty-buffer-4.1.115.Final.jar
[Architectury Transformer DEBUG]  - C:\Users\tommy\.gradle\caches\modules-2\files-2.1\io.netty\netty-codec\4.1.115.Final\d326bf3a4c785b272da3db6941779a1bd5448378\netty-codec-4.1.115.Final.jar
[Architectury Transformer DEBUG]  - C:\Users\tommy\.gradle\caches\modules-2\files-2.1\io.netty\netty-common\4.1.115.Final\9da10a9f72e3f87e181d91b525174007a6fc4f11\netty-common-4.1.115.Final.jar
[Architectury Transformer DEBUG]  - C:\Users\tommy\.gradle\caches\modules-2\files-2.1\io.netty\netty-handler\4.1.115.Final\d54dbf68b9d88a98240107758c6b63da5e46e23a\netty-handler-4.1.115.Final.jar
[Architectury Transformer DEBUG]  - C:\Users\tommy\.gradle\caches\modules-2\files-2.1\io.netty\netty-resolver\4.1.115.Final\e33b4d476c03975957f5d8d0319d592bf2bc5e96\netty-resolver-4.1.115.Final.jar
[Architectury Transformer DEBUG]  - C:\Users\tommy\.gradle\caches\modules-2\files-2.1\io.netty\netty-transport-classes-epoll\4.1.115.Final\11fea00408ecbd8b8d1f0698d708e37db4a01841\netty-transport-classes-epoll-4.1.115.Final.jar
[Architectury Transformer DEBUG]  - C:\Users\tommy\.gradle\caches\modules-2\files-2.1\io.netty\netty-transport-native-unix-common\4.1.115.Final\dc96c67d06cd6b5eb677f2728f27bf2e3d9a7284\netty-transport-native-unix-common-4.1.115.Final.jar
[Architectury Transformer DEBUG]  - C:\Users\tommy\.gradle\caches\modules-2\files-2.1\io.netty\netty-transport\4.1.115.Final\39cef77c1a25908ac1abf4960c2e789f0bf70ff9\netty-transport-4.1.115.Final.jar
[Architectury Transformer DEBUG]  - C:\Users\tommy\.gradle\caches\modules-2\files-2.1\it.unimi.dsi\fastutil\8.5.15\1e885b40c9563ab0d3899b871fd0b30e958705dc\fastutil-8.5.15.jar
[Architectury Transformer DEBUG]  - C:\Users\tommy\.gradle\caches\modules-2\files-2.1\net.java.dev.jna\jna-platform\5.15.0\86b502cad57d45da172b5e3231c537b042e296ef\jna-platform-5.15.0.jar
[Architectury Transformer DEBUG]  - C:\Users\tommy\.gradle\caches\modules-2\files-2.1\net.java.dev.jna\jna\5.15.0\1ee1d80ff44f08280188f7c0e740d57207841ac\jna-5.15.0.jar
[Architectury Transformer DEBUG]  - C:\Users\tommy\.gradle\caches\modules-2\files-2.1\net.minidev\accessors-smart\2.5.1\19b820261eb2e7de7d5bde11d1c06e4501dd7e5f\accessors-smart-2.5.1.jar
[Architectury Transformer DEBUG]  - C:\Users\tommy\.gradle\caches\modules-2\files-2.1\net.minidev\json-smart\2.5.1\4c11d2808d009132dfbbf947ebf37de6bf266c8e\json-smart-2.5.1.jar
[Architectury Transformer DEBUG]  - C:\Users\tommy\.gradle\caches\modules-2\files-2.1\net.sf.jopt-simple\jopt-simple\5.0.4\4fdac2fbe92dfad86aa6e9301736f6b4342a3f5c\jopt-simple-5.0.4.jar
[Architectury Transformer DEBUG]  - C:\Users\tommy\.gradle\caches\modules-2\files-2.1\org.apache.commons\commons-compress\1.27.1\a19151084758e2fbb6b41eddaa88e7b8ff4e6599\commons-compress-1.27.1.jar
[Architectury Transformer DEBUG]  - C:\Users\tommy\.gradle\caches\modules-2\files-2.1\org.apache.commons\commons-lang3\3.17.0\b17d2136f0460dcc0d2016ceefca8723bdf4ee70\commons-lang3-3.17.0.jar
[Architectury Transformer DEBUG]  - C:\Users\tommy\.gradle\caches\modules-2\files-2.1\org.apache.httpcomponents\httpclient\4.5.14\1194890e6f56ec29177673f2f12d0b8e627dec98\httpclient-4.5.14.jar
[Architectury Transformer DEBUG]  - C:\Users\tommy\.gradle\caches\modules-2\files-2.1\org.apache.httpcomponents\httpcore\4.4.16\51cf043c87253c9f58b539c9f7e44c8894223850\httpcore-4.4.16.jar
[Architectury Transformer DEBUG]  - C:\Users\tommy\.gradle\caches\modules-2\files-2.1\org.apache.logging.log4j\log4j-api\2.24.1\7ebeb12c20606373005af4232cd0ecca72613dda\log4j-api-2.24.1.jar
[Architectury Transformer DEBUG]  - C:\Users\tommy\.gradle\caches\modules-2\files-2.1\org.apache.logging.log4j\log4j-core\2.24.1\c85285146f28d8c8962384f786e2dff04172fb43\log4j-core-2.24.1.jar
[Architectury Transformer DEBUG]  - C:\Users\tommy\.gradle\caches\modules-2\files-2.1\org.apache.logging.log4j\log4j-slf4j2-impl\2.24.1\8e3ddc96464ef7f768823e7e001a52b23de8cd0a\log4j-slf4j2-impl-2.24.1.jar
[Architectury Transformer DEBUG]  - C:\Users\tommy\.gradle\caches\modules-2\files-2.1\org.jcraft\jorbis\0.0.17\8872d22b293e8f5d7d56ff92be966e6dc28ebdc6\jorbis-0.0.17.jar
[Architectury Transformer DEBUG]  - C:\Users\tommy\.gradle\caches\modules-2\files-2.1\org.joml\joml\1.10.8\fc0a71dad90a2cf41d82a76156a0e700af8e4f8d\joml-1.10.8.jar
[Architectury Transformer DEBUG]  - C:\Users\tommy\.gradle\caches\modules-2\files-2.1\org.lwjgl\lwjgl-freetype\3.3.3\a0db6c84a8becc8ca05f9dbfa985edc348a824c7\lwjgl-freetype-3.3.3.jar
[Architectury Transformer DEBUG]  - C:\Users\tommy\.gradle\caches\modules-2\files-2.1\org.lwjgl\lwjgl-glfw\3.3.3\efa1eb78c5ccd840e9f329717109b5e892d72f8e\lwjgl-glfw-3.3.3.jar
[Architectury Transformer DEBUG]  - C:\Users\tommy\.gradle\caches\modules-2\files-2.1\org.lwjgl\lwjgl-jemalloc\3.3.3\b543467b7ff3c6920539a88ee602d34098628be5\lwjgl-jemalloc-3.3.3.jar
[Architectury Transformer DEBUG]  - C:\Users\tommy\.gradle\caches\modules-2\files-2.1\org.lwjgl\lwjgl-openal\3.3.3\daada81ceb5fc0c291fbfdd4433cb8d9423577f2\lwjgl-openal-3.3.3.jar
[Architectury Transformer DEBUG]  - C:\Users\tommy\.gradle\caches\modules-2\files-2.1\org.lwjgl\lwjgl-opengl\3.3.3\2f6b0147078396a58979125a4c947664e98293a\lwjgl-opengl-3.3.3.jar
[Architectury Transformer DEBUG]  - C:\Users\tommy\.gradle\caches\modules-2\files-2.1\org.lwjgl\lwjgl-stb\3.3.3\25dd6161988d7e65f71d5065c99902402ee32746\lwjgl-stb-3.3.3.jar
[Architectury Transformer DEBUG]  - C:\Users\tommy\.gradle\caches\modules-2\files-2.1\org.lwjgl\lwjgl-tinyfd\3.3.3\82d755ca94b102e9ca77283b9e2dc46d1b15fbe5\lwjgl-tinyfd-3.3.3.jar
[Architectury Transformer DEBUG]  - C:\Users\tommy\.gradle\caches\modules-2\files-2.1\org.lwjgl\lwjgl\3.3.3\29589b5f87ed335a6c7e7ee6a5775f81f97ecb84\lwjgl-3.3.3.jar
[Architectury Transformer DEBUG]  - C:\Users\tommy\.gradle\caches\modules-2\files-2.1\org.lz4\lz4-java\1.8.0\4b986a99445e49ea5fbf5d149c4b63f6ed6c6780\lz4-java-1.8.0.jar
[Architectury Transformer DEBUG]  - C:\Users\tommy\.gradle\caches\modules-2\files-2.1\org.slf4j\slf4j-api\2.0.16\172931663a09a1fa515567af5fbef00897d3c04\slf4j-api-2.0.16.jar
[Architectury Transformer DEBUG]  - E:\WorkSpaces\LYIVXs Tweaks\.gradle\loom-cache\minecraftMaven\net\minecraft\minecraft-merged-7af945c9e6\1.21.4-loom.mappings.1_21_4.layered+hash.40545-v2\minecraft-merged-7af945c9e6-1.21.4-loom.mappings.1_21_4.layered+hash.40545-v2.jar
[Architectury Transformer DEBUG]  - C:\Users\tommy\.gradle\caches\modules-2\files-2.1\io.netty\netty-transport-native-epoll\4.1.115.Final\a6cc58c4a259bad159cbb06120cea9b3474e86a0\netty-transport-native-epoll-4.1.115.Final-linux-x86_64.jar
[Architectury Transformer DEBUG]  - C:\Users\tommy\.gradle\caches\modules-2\files-2.1\io.netty\netty-transport-native-epoll\4.1.115.Final\a80b32f98ceb4e27958c0ceaf22ddad9ea6c0d4e\netty-transport-native-epoll-4.1.115.Final-linux-aarch_64.jar
[Architectury Transformer DEBUG]  - E:\WorkSpaces\LYIVXs Tweaks\.gradle\loom-cache\remapped_mods\loom_mappings_1_21_4_layered_hash_40545_v2\net\fabricmc\fabric-api\fabric-api\0.119.4+1.21.4\fabric-api-0.119.4+1.21.4.jar
[Architectury Transformer DEBUG]  - E:\WorkSpaces\LYIVXs Tweaks\.gradle\loom-cache\remapped_mods\loom_mappings_1_21_4_layered_hash_40545_v2\dev\architectury\architectury-fabric\15.0.3\architectury-fabric-15.0.3.jar
[Architectury Transformer DEBUG]  - E:\WorkSpaces\LYIVXs Tweaks\.gradle\loom-cache\remapped_mods\loom_mappings_1_21_4_layered_hash_40545_v2\curse\maven\lyivxs-core-1200581\7018763\lyivxs-core-1200581-7018763.jar
[Architectury Transformer DEBUG]  - E:\WorkSpaces\LYIVXs Tweaks\.gradle\loom-cache\remapped_mods\loom_mappings_1_21_4_layered_hash_40545_v2\net\fabricmc\fabric-api\fabric-transfer-api-v1\5.4.9+efa825c904\fabric-transfer-api-v1-5.4.9+efa825c904.jar
[Architectury Transformer DEBUG]  - E:\WorkSpaces\LYIVXs Tweaks\.gradle\loom-cache\remapped_mods\loom_mappings_1_21_4_layered_hash_40545_v2\net\fabricmc\fabric-api\fabric-api-lookup-api-v1\1.6.86+b1caf1e904\fabric-api-lookup-api-v1-1.6.86+b1caf1e904.jar
[Architectury Transformer DEBUG]  - E:\WorkSpaces\LYIVXs Tweaks\.gradle\loom-cache\remapped_mods\loom_mappings_1_21_4_layered_hash_40545_v2\net\fabricmc\fabric-api\fabric-blockrenderlayer-v1\2.0.8+7feeb73304\fabric-blockrenderlayer-v1-2.0.8+7feeb73304.jar
[Architectury Transformer DEBUG]  - E:\WorkSpaces\LYIVXs Tweaks\.gradle\loom-cache\remapped_mods\loom_mappings_1_21_4_layered_hash_40545_v2\net\fabricmc\fabric-api\fabric-client-tags-api-v1\1.1.29+20ea1e2304\fabric-client-tags-api-v1-1.1.29+20ea1e2304.jar
[Architectury Transformer DEBUG]  - E:\WorkSpaces\LYIVXs Tweaks\.gradle\loom-cache\remapped_mods\loom_mappings_1_21_4_layered_hash_40545_v2\net\fabricmc\fabric-api\fabric-command-api-v1\1.2.62+f71b366f04\fabric-command-api-v1-1.2.62+f71b366f04.jar
[Architectury Transformer DEBUG]  - E:\WorkSpaces\LYIVXs Tweaks\.gradle\loom-cache\remapped_mods\loom_mappings_1_21_4_layered_hash_40545_v2\net\fabricmc\fabric-api\fabric-commands-v0\0.2.79+df3654b304\fabric-commands-v0-0.2.79+df3654b304.jar
[Architectury Transformer DEBUG]  - E:\WorkSpaces\LYIVXs Tweaks\.gradle\loom-cache\remapped_mods\loom_mappings_1_21_4_layered_hash_40545_v2\net\fabricmc\fabric-api\fabric-command-api-v2\2.2.41+e496eb1504\fabric-command-api-v2-2.2.41+e496eb1504.jar
[Architectury Transformer DEBUG]  - E:\WorkSpaces\LYIVXs Tweaks\.gradle\loom-cache\remapped_mods\loom_mappings_1_21_4_layered_hash_40545_v2\net\fabricmc\fabric-api\fabric-content-registries-v0\9.1.19+25d1a67604\fabric-content-registries-v0-9.1.19+25d1a67604.jar
[Architectury Transformer DEBUG]  - E:\WorkSpaces\LYIVXs Tweaks\.gradle\loom-cache\remapped_mods\loom_mappings_1_21_4_layered_hash_40545_v2\net\fabricmc\fabric-api\fabric-data-generation-api-v1\22.3.1+0f4e5f5504\fabric-data-generation-api-v1-22.3.1+0f4e5f5504.jar
[Architectury Transformer DEBUG]  - E:\WorkSpaces\LYIVXs Tweaks\.gradle\loom-cache\remapped_mods\loom_mappings_1_21_4_layered_hash_40545_v2\net\fabricmc\fabric-api\fabric-convention-tags-v1\2.1.20+7f945d5b04\fabric-convention-tags-v1-2.1.20+7f945d5b04.jar
[Architectury Transformer DEBUG]  - E:\WorkSpaces\LYIVXs Tweaks\.gradle\loom-cache\remapped_mods\loom_mappings_1_21_4_layered_hash_40545_v2\net\fabricmc\fabric-api\fabric-convention-tags-v2\2.14.1+aebda09404\fabric-convention-tags-v2-2.14.1+aebda09404.jar
[Architectury Transformer DEBUG]  - E:\WorkSpaces\LYIVXs Tweaks\.gradle\loom-cache\remapped_mods\loom_mappings_1_21_4_layered_hash_40545_v2\net\fabricmc\fabric-api\fabric-data-attachment-api-v1\1.6.2+e99da0f704\fabric-data-attachment-api-v1-1.6.2+e99da0f704.jar
[Architectury Transformer DEBUG]  - E:\WorkSpaces\LYIVXs Tweaks\.gradle\loom-cache\remapped_mods\loom_mappings_1_21_4_layered_hash_40545_v2\net\fabricmc\fabric-api\fabric-entity-events-v1\2.0.15+62245bef04\fabric-entity-events-v1-2.0.15+62245bef04.jar
[Architectury Transformer DEBUG]  - E:\WorkSpaces\LYIVXs Tweaks\.gradle\loom-cache\remapped_mods\loom_mappings_1_21_4_layered_hash_40545_v2\net\fabricmc\fabric-api\fabric-events-interaction-v0\4.0.4+a4eebcf004\fabric-events-interaction-v0-4.0.4+a4eebcf004.jar
[Architectury Transformer DEBUG]  - E:\WorkSpaces\LYIVXs Tweaks\.gradle\loom-cache\remapped_mods\loom_mappings_1_21_4_layered_hash_40545_v2\net\fabricmc\fabric-api\fabric-gametest-api-v1\2.0.26+7feeb73304\fabric-gametest-api-v1-2.0.26+7feeb73304.jar
[Architectury Transformer DEBUG]  - E:\WorkSpaces\LYIVXs Tweaks\.gradle\loom-cache\remapped_mods\loom_mappings_1_21_4_layered_hash_40545_v2\net\fabricmc\fabric-api\fabric-item-api-v1\11.4.0+189dd6fe04\fabric-item-api-v1-11.4.0+189dd6fe04.jar
[Architectury Transformer DEBUG]  - E:\WorkSpaces\LYIVXs Tweaks\.gradle\loom-cache\remapped_mods\loom_mappings_1_21_4_layered_hash_40545_v2\net\fabricmc\fabric-api\fabric-item-group-api-v1\4.2.2+fcb9601404\fabric-item-group-api-v1-4.2.2+fcb9601404.jar
[Architectury Transformer DEBUG]  - E:\WorkSpaces\LYIVXs Tweaks\.gradle\loom-cache\remapped_mods\loom_mappings_1_21_4_layered_hash_40545_v2\net\fabricmc\fabric-api\fabric-lifecycle-events-v1\2.5.4+bf2a60eb04\fabric-lifecycle-events-v1-2.5.4+bf2a60eb04.jar
[Architectury Transformer DEBUG]  - E:\WorkSpaces\LYIVXs Tweaks\.gradle\loom-cache\remapped_mods\loom_mappings_1_21_4_layered_hash_40545_v2\net\fabricmc\fabric-api\fabric-loot-api-v2\3.0.38+3f89f5a504\fabric-loot-api-v2-3.0.38+3f89f5a504.jar
[Architectury Transformer DEBUG]  - E:\WorkSpaces\LYIVXs Tweaks\.gradle\loom-cache\remapped_mods\loom_mappings_1_21_4_layered_hash_40545_v2\net\fabricmc\fabric-api\fabric-loot-api-v3\1.0.26+203e6b2304\fabric-loot-api-v3-1.0.26+203e6b2304.jar
[Architectury Transformer DEBUG]  - E:\WorkSpaces\LYIVXs Tweaks\.gradle\loom-cache\remapped_mods\loom_mappings_1_21_4_layered_hash_40545_v2\net\fabricmc\fabric-api\fabric-message-api-v1\6.0.26+238a33c004\fabric-message-api-v1-6.0.26+238a33c004.jar
[Architectury Transformer DEBUG]  - E:\WorkSpaces\LYIVXs Tweaks\.gradle\loom-cache\remapped_mods\loom_mappings_1_21_4_layered_hash_40545_v2\net\fabricmc\fabric-api\fabric-model-loading-api-v1\4.3.0+ae23723504\fabric-model-loading-api-v1-4.3.0+ae23723504.jar
[Architectury Transformer DEBUG]  - E:\WorkSpaces\LYIVXs Tweaks\.gradle\loom-cache\remapped_mods\loom_mappings_1_21_4_layered_hash_40545_v2\net\fabricmc\fabric-api\fabric-recipe-api-v1\8.1.1+640e77ae04\fabric-recipe-api-v1-8.1.1+640e77ae04.jar
[Architectury Transformer DEBUG]  - E:\WorkSpaces\LYIVXs Tweaks\.gradle\loom-cache\remapped_mods\loom_mappings_1_21_4_layered_hash_40545_v2\net\fabricmc\fabric-api\fabric-screen-handler-api-v1\1.3.118+7feeb73304\fabric-screen-handler-api-v1-1.3.118+7feeb73304.jar
[Architectury Transformer DEBUG]  - E:\WorkSpaces\LYIVXs Tweaks\.gradle\loom-cache\remapped_mods\loom_mappings_1_21_4_layered_hash_40545_v2\net\fabricmc\fabric-api\fabric-registry-sync-v0\6.1.11+4a9c1ece04\fabric-registry-sync-v0-6.1.11+4a9c1ece04.jar
[Architectury Transformer DEBUG]  - E:\WorkSpaces\LYIVXs Tweaks\.gradle\loom-cache\remapped_mods\loom_mappings_1_21_4_layered_hash_40545_v2\net\fabricmc\fabric-api\fabric-networking-api-v1\4.4.0+db5e668204\fabric-networking-api-v1-4.4.0+db5e668204.jar
[Architectury Transformer DEBUG]  - E:\WorkSpaces\LYIVXs Tweaks\.gradle\loom-cache\remapped_mods\loom_mappings_1_21_4_layered_hash_40545_v2\net\fabricmc\fabric-api\fabric-object-builder-api-v1\18.0.14+38b0d59804\fabric-object-builder-api-v1-18.0.14+38b0d59804.jar
[Architectury Transformer DEBUG]  - E:\WorkSpaces\LYIVXs Tweaks\.gradle\loom-cache\remapped_mods\loom_mappings_1_21_4_layered_hash_40545_v2\net\fabricmc\fabric-api\fabric-particles-v1\4.0.14+7feeb73304\fabric-particles-v1-4.0.14+7feeb73304.jar
[Architectury Transformer DEBUG]  - E:\WorkSpaces\LYIVXs Tweaks\.gradle\loom-cache\remapped_mods\loom_mappings_1_21_4_layered_hash_40545_v2\net\fabricmc\fabric-api\fabric-renderer-indigo\2.0.3+50f0feb204\fabric-renderer-indigo-2.0.3+50f0feb204.jar
[Architectury Transformer DEBUG]  - E:\WorkSpaces\LYIVXs Tweaks\.gradle\loom-cache\remapped_mods\loom_mappings_1_21_4_layered_hash_40545_v2\net\fabricmc\fabric-api\fabric-renderer-api-v1\5.0.3+50f0feb204\fabric-renderer-api-v1-5.0.3+50f0feb204.jar
[Architectury Transformer DEBUG]  - E:\WorkSpaces\LYIVXs Tweaks\.gradle\loom-cache\remapped_mods\loom_mappings_1_21_4_layered_hash_40545_v2\net\fabricmc\fabric-api\fabric-rendering-fluids-v1\3.1.19+7feeb73304\fabric-rendering-fluids-v1-3.1.19+7feeb73304.jar
[Architectury Transformer DEBUG]  - E:\WorkSpaces\LYIVXs Tweaks\.gradle\loom-cache\remapped_mods\loom_mappings_1_21_4_layered_hash_40545_v2\net\fabricmc\fabric-api\fabric-rendering-v1\10.2.1+0d31b09f04\fabric-rendering-v1-10.2.1+0d31b09f04.jar
[Architectury Transformer DEBUG]  - E:\WorkSpaces\LYIVXs Tweaks\.gradle\loom-cache\remapped_mods\loom_mappings_1_21_4_layered_hash_40545_v2\net\fabricmc\fabric-api\fabric-tag-api-v1\1.0.7+7d48d43904\fabric-tag-api-v1-1.0.7+7d48d43904.jar
[Architectury Transformer DEBUG]  - E:\WorkSpaces\LYIVXs Tweaks\.gradle\loom-cache\remapped_mods\loom_mappings_1_21_4_layered_hash_40545_v2\net\fabricmc\fabric-api\fabric-resource-loader-v0\3.1.1+360374ac04\fabric-resource-loader-v0-3.1.1+360374ac04.jar
[Architectury Transformer DEBUG]  - E:\WorkSpaces\LYIVXs Tweaks\.gradle\loom-cache\remapped_mods\loom_mappings_1_21_4_layered_hash_40545_v2\net\fabricmc\fabric-api\fabric-screen-api-v1\2.0.38+7feeb73304\fabric-screen-api-v1-2.0.38+7feeb73304.jar
[Architectury Transformer DEBUG]  - E:\WorkSpaces\LYIVXs Tweaks\.gradle\loom-cache\remapped_mods\loom_mappings_1_21_4_layered_hash_40545_v2\net\fabricmc\fabric-api\fabric-api-base\0.4.54+b47eab6b04\fabric-api-base-0.4.54+b47eab6b04.jar
[Architectury Transformer DEBUG]  - E:\WorkSpaces\LYIVXs Tweaks\.gradle\loom-cache\remapped_mods\loom_mappings_1_21_4_layered_hash_40545_v2\net\fabricmc\fabric-api\fabric-biome-api-v1\15.0.6+b1c29d8e04\fabric-biome-api-v1-15.0.6+b1c29d8e04.jar
[Architectury Transformer DEBUG]  - E:\WorkSpaces\LYIVXs Tweaks\.gradle\loom-cache\remapped_mods\loom_mappings_1_21_4_layered_hash_40545_v2\net\fabricmc\fabric-api\fabric-block-api-v1\1.0.31+7feeb73304\fabric-block-api-v1-1.0.31+7feeb73304.jar
[Architectury Transformer DEBUG]  - E:\WorkSpaces\LYIVXs Tweaks\.gradle\loom-cache\remapped_mods\loom_mappings_1_21_4_layered_hash_40545_v2\net\fabricmc\fabric-api\fabric-rendering-data-attachment-v1\0.3.58+73761d2e04\fabric-rendering-data-attachment-v1-0.3.58+73761d2e04.jar
[Architectury Transformer DEBUG]  - E:\WorkSpaces\LYIVXs Tweaks\.gradle\loom-cache\remapped_mods\loom_mappings_1_21_4_layered_hash_40545_v2\net\fabricmc\fabric-api\fabric-block-view-api-v2\1.0.20+9c49cc8c04\fabric-block-view-api-v2-1.0.20+9c49cc8c04.jar
[Architectury Transformer DEBUG]  - E:\WorkSpaces\LYIVXs Tweaks\.gradle\loom-cache\remapped_mods\loom_mappings_1_21_4_layered_hash_40545_v2\net\fabricmc\fabric-api\fabric-client-gametest-api-v1\4.1.1+6816ccd404\fabric-client-gametest-api-v1-4.1.1+6816ccd404.jar
[Architectury Transformer DEBUG]  - E:\WorkSpaces\LYIVXs Tweaks\.gradle\loom-cache\remapped_mods\loom_mappings_1_21_4_layered_hash_40545_v2\net\fabricmc\fabric-api\fabric-crash-report-info-v1\0.3.6+7feeb73304\fabric-crash-report-info-v1-0.3.6+7feeb73304.jar
[Architectury Transformer DEBUG]  - E:\WorkSpaces\LYIVXs Tweaks\.gradle\loom-cache\remapped_mods\loom_mappings_1_21_4_layered_hash_40545_v2\net\fabricmc\fabric-api\fabric-dimensions-v1\4.0.10+7feeb73304\fabric-dimensions-v1-4.0.10+7feeb73304.jar
[Architectury Transformer DEBUG]  - E:\WorkSpaces\LYIVXs Tweaks\.gradle\loom-cache\remapped_mods\loom_mappings_1_21_4_layered_hash_40545_v2\net\fabricmc\fabric-api\fabric-game-rule-api-v1\1.0.63+7d48d43904\fabric-game-rule-api-v1-1.0.63+7d48d43904.jar
[Architectury Transformer DEBUG]  - E:\WorkSpaces\LYIVXs Tweaks\.gradle\loom-cache\remapped_mods\loom_mappings_1_21_4_layered_hash_40545_v2\net\fabricmc\fabric-api\fabric-keybindings-v0\0.2.55+df3654b304\fabric-keybindings-v0-0.2.55+df3654b304.jar
[Architectury Transformer DEBUG]  - E:\WorkSpaces\LYIVXs Tweaks\.gradle\loom-cache\remapped_mods\loom_mappings_1_21_4_layered_hash_40545_v2\net\fabricmc\fabric-api\fabric-key-binding-api-v1\1.0.57+7d48d43904\fabric-key-binding-api-v1-1.0.57+7d48d43904.jar
[Architectury Transformer DEBUG]  - E:\WorkSpaces\LYIVXs Tweaks\.gradle\loom-cache\remapped_mods\loom_mappings_1_21_4_layered_hash_40545_v2\net\fabricmc\fabric-api\fabric-resource-conditions-api-v1\5.0.13+203e6b2304\fabric-resource-conditions-api-v1-5.0.13+203e6b2304.jar
[Architectury Transformer DEBUG]  - E:\WorkSpaces\LYIVXs Tweaks\.gradle\loom-cache\remapped_mods\loom_mappings_1_21_4_layered_hash_40545_v2\net\fabricmc\fabric-api\fabric-sound-api-v1\1.0.32+7feeb73304\fabric-sound-api-v1-1.0.32+7feeb73304.jar
[Architectury Transformer DEBUG]  - E:\WorkSpaces\LYIVXs Tweaks\.gradle\loom-cache\remapped_mods\loom_mappings_1_21_4_layered_hash_40545_v2\net\fabricmc\fabric-api\fabric-transitive-access-wideners-v1\6.3.2+56e78b9b04\fabric-transitive-access-wideners-v1-6.3.2+56e78b9b04.jar
[Architectury Transformer DEBUG]  - E:\WorkSpaces\LYIVXs Tweaks\.gradle\loom-cache\remapped_mods\loom_mappings_1_21_4_layered_hash_40545_v2\com\teamresourceful\resourcefullib\resourcefullib-fabric-1.21.4\3.4.5\resourcefullib-fabric-1.21.4-3.4.5.jar
[Architectury Transformer] Read classpath in 2.722 s
[Architectury Transformer DEBUG] Closed File Systems for E:\WorkSpaces\LYIVXs Tweaks\common\build\devlibs\lyivxs-tweaks-common-1.0.0-dev.jar
[Architectury Transformer DEBUG] Transforming 5 transformer(s) from E:\WorkSpaces\LYIVXs Tweaks\common\build\devlibs\lyivxs-tweaks-common-1.0.0-dev.jar to C:\Users\tommy\AppData\Local\Temp\9174146242652811843.jar: 
[Architectury Transformer DEBUG]  - dev.architectury.transformer.transformers.RuntimeMixinRefmapDetector@47a87bdd
[Architectury Transformer DEBUG]  - dev.architectury.transformer.transformers.GenerateFakeFabricMod@53d37138
[Architectury Transformer DEBUG]  - dev.architectury.transformer.transformers.TransformExpectPlatform@46b22e4a
[Architectury Transformer DEBUG]  - dev.architectury.transformer.transformers.RemapInjectables@10189c65
[Architectury Transformer DEBUG]  - dev.architectury.transformer.transformers.TransformPlatformOnly@14ea6b28
[Architectury Transformer DEBUG] Transforming from E:\WorkSpaces\LYIVXs Tweaks\common\build\devlibs\lyivxs-tweaks-common-1.0.0-dev.jar to C:\Users\tommy\AppData\Local\Temp\9174146242652811843.jar with 5 transformer(s) on dev.architectury.transformer.handler.SimpleTransformerHandler
[Architectury Transformer DEBUG] Found class transformer
[Architectury Transformer DEBUG] Writing net/lyivx/ls_tweaks/api/recipes/annotation/LYIVXsTweakPlugin with maxs=true frames=true
[Architectury Transformer DEBUG] Writing net/lyivx/ls_tweaks/api/recipes/CategoryRegistry with maxs=true frames=true
[Architectury Transformer DEBUG] Writing net/lyivx/ls_tweaks/api/recipes/GridSlotWidget with maxs=true frames=true
[Architectury Transformer DEBUG] Writing net/lyivx/ls_tweaks/api/recipes/HoverTooltipWidget with maxs=true frames=true
[Architectury Transformer DEBUG] Writing net/lyivx/ls_tweaks/api/recipes/IconWidget with maxs=true frames=true
[Architectury Transformer DEBUG] Writing net/lyivx/ls_tweaks/api/recipes/Position$Horizontal with maxs=true frames=true
[Architectury Transformer DEBUG] Writing net/lyivx/ls_tweaks/api/recipes/Position$Vertical with maxs=true frames=true
[Architectury Transformer DEBUG] Writing net/lyivx/ls_tweaks/api/recipes/Position$XY with maxs=true frames=true
[Architectury Transformer DEBUG] Writing net/lyivx/ls_tweaks/api/recipes/Position with maxs=true frames=true
[Architectury Transformer DEBUG] Writing net/lyivx/ls_tweaks/api/recipes/RecipeBackedCategory with maxs=true frames=true
[Architectury Transformer DEBUG] Writing net/lyivx/ls_tweaks/api/recipes/RecipeBrowserPlugin with maxs=true frames=true
[Architectury Transformer DEBUG] Writing net/lyivx/ls_tweaks/api/recipes/RecipeCategory with maxs=true frames=true
[Architectury Transformer DEBUG] Writing net/lyivx/ls_tweaks/api/recipes/RecipeDisplay with maxs=true frames=true
[Architectury Transformer DEBUG] Writing net/lyivx/ls_tweaks/api/recipes/RecipeDisplayBuilder$SimpleRecipeDisplay with maxs=true frames=true
[Architectury Transformer DEBUG] Writing net/lyivx/ls_tweaks/api/recipes/RecipeDisplayBuilder with maxs=true frames=true
[Architectury Transformer DEBUG] Writing net/lyivx/ls_tweaks/api/recipes/ScrollWidget with maxs=true frames=true
[Architectury Transformer DEBUG] Writing net/lyivx/ls_tweaks/api/recipes/SlotRole with maxs=true frames=true
[Architectury Transformer DEBUG] Writing net/lyivx/ls_tweaks/api/recipes/SlotWidget with maxs=true frames=true
[Architectury Transformer DEBUG] Writing net/lyivx/ls_tweaks/api/recipes/TextureWidget$Direction with maxs=true frames=true
[Architectury Transformer DEBUG] Writing net/lyivx/ls_tweaks/api/recipes/TextureWidget$Type with maxs=true frames=true
[Architectury Transformer DEBUG] Writing net/lyivx/ls_tweaks/api/recipes/TextureWidget with maxs=true frames=true
[Architectury Transformer DEBUG] Writing net/lyivx/ls_tweaks/api/recipes/TextWidget with maxs=true frames=true
[Architectury Transformer DEBUG] Writing net/lyivx/ls_tweaks/api/recipes/Widgets$1 with maxs=true frames=true
[Architectury Transformer DEBUG] Writing net/lyivx/ls_tweaks/api/recipes/Widgets$AddArrow$Down with maxs=true frames=true
[Architectury Transformer DEBUG] Writing net/lyivx/ls_tweaks/api/recipes/Widgets$AddArrow$Left with maxs=true frames=true
[Architectury Transformer DEBUG] Writing net/lyivx/ls_tweaks/api/recipes/Widgets$AddArrow$Right with maxs=true frames=true
[Architectury Transformer DEBUG] Writing net/lyivx/ls_tweaks/api/recipes/Widgets$AddArrow$Up with maxs=true frames=true
[Architectury Transformer DEBUG] Writing net/lyivx/ls_tweaks/api/recipes/Widgets$AddArrow with maxs=true frames=true
[Architectury Transformer DEBUG] Writing net/lyivx/ls_tweaks/api/recipes/Widgets$AddFlame with maxs=true frames=true
[Architectury Transformer DEBUG] Writing net/lyivx/ls_tweaks/api/recipes/Widgets$AddGrid$GridBuilder with maxs=true frames=true
[Architectury Transformer DEBUG] Writing net/lyivx/ls_tweaks/api/recipes/Widgets$AddGrid with maxs=true frames=true
[Architectury Transformer DEBUG] Writing net/lyivx/ls_tweaks/api/recipes/Widgets$AddHover$HoverBuilder with maxs=true frames=true
[Architectury Transformer DEBUG] Writing net/lyivx/ls_tweaks/api/recipes/Widgets$AddHover with maxs=true frames=true
[Architectury Transformer DEBUG] Writing net/lyivx/ls_tweaks/api/recipes/Widgets$AddIcon$IconBuilder with maxs=true frames=true
[Architectury Transformer DEBUG] Writing net/lyivx/ls_tweaks/api/recipes/Widgets$AddIcon with maxs=true frames=true
[Architectury Transformer DEBUG] Writing net/lyivx/ls_tweaks/api/recipes/Widgets$AddScroll$ScrollBuilder with maxs=true frames=true
[Architectury Transformer DEBUG] Writing net/lyivx/ls_tweaks/api/recipes/Widgets$AddScroll with maxs=true frames=true
[Architectury Transformer DEBUG] Writing net/lyivx/ls_tweaks/api/recipes/Widgets$AddSlot$SlotBuilder with maxs=true frames=true
[Architectury Transformer DEBUG] Writing net/lyivx/ls_tweaks/api/recipes/Widgets$AddSlot with maxs=true frames=true
[Architectury Transformer DEBUG] Writing net/lyivx/ls_tweaks/api/recipes/Widgets$AddText$TextBuilder with maxs=true frames=true
[Architectury Transformer DEBUG] Writing net/lyivx/ls_tweaks/api/recipes/Widgets$AddText with maxs=true frames=true
[Architectury Transformer DEBUG] Writing net/lyivx/ls_tweaks/api/recipes/Widgets$AddTexture$TextureBuilder with maxs=true frames=true
[Architectury Transformer DEBUG] Writing net/lyivx/ls_tweaks/api/recipes/Widgets$AddTexture with maxs=true frames=true
[Architectury Transformer DEBUG] Writing net/lyivx/ls_tweaks/api/recipes/Widgets$Positioning with maxs=true frames=true
[Architectury Transformer DEBUG] Writing net/lyivx/ls_tweaks/api/recipes/Widgets$PositionMode with maxs=true frames=true
[Architectury Transformer DEBUG] Writing net/lyivx/ls_tweaks/api/recipes/Widgets with maxs=true frames=true
[Architectury Transformer DEBUG] Writing net/lyivx/ls_tweaks/client/LYIVXs_tweaksClient with maxs=true frames=true
[Architectury Transformer DEBUG] Writing net/lyivx/ls_tweaks/client/overlay/ItemPanelOverlay with maxs=true frames=true
[Architectury Transformer DEBUG] Writing net/lyivx/ls_tweaks/client/overlay/OverlayHooks with maxs=true frames=true
[Architectury Transformer DEBUG] Writing net/lyivx/ls_tweaks/client/screen/RecipeBrowserMenu with maxs=true frames=true
[Architectury Transformer DEBUG] Writing net/lyivx/ls_tweaks/client/screen/RecipeBrowserScreen with maxs=true frames=true
[Architectury Transformer DEBUG] Writing net/lyivx/ls_tweaks/common/config/ClientConfigHelper with maxs=true frames=true
[Architectury Transformer DEBUG] Writing net/lyivx/ls_tweaks/common/config/ConfigProvider$SortMode with maxs=true frames=true
[Architectury Transformer DEBUG] Writing net/lyivx/ls_tweaks/common/config/ConfigProvider with maxs=true frames=true
[Architectury Transformer DEBUG] Writing net/lyivx/ls_tweaks/common/config/ConfigRegistry with maxs=true frames=true
[Architectury Transformer DEBUG] Writing net/lyivx/ls_tweaks/common/config/KeybindButton$KeyOption with maxs=true frames=true
[Architectury Transformer DEBUG] Writing net/lyivx/ls_tweaks/common/config/KeybindButton with maxs=true frames=true
[Architectury Transformer DEBUG] Writing net/lyivx/ls_tweaks/common/debug/QolDebug with maxs=true frames=true
[Architectury Transformer DEBUG] Writing net/lyivx/ls_tweaks/common/feature/quickmove/QuickMoveCommon with maxs=true frames=true
[Architectury Transformer DEBUG] Writing net/lyivx/ls_tweaks/common/feature/quickmove/QuickMoveDragClient with maxs=true frames=true
[Architectury Transformer DEBUG] Writing net/lyivx/ls_tweaks/common/feature/quickstack/client/QuickStackButtons$Anchor with maxs=true frames=true
[Architectury Transformer DEBUG] Writing net/lyivx/ls_tweaks/common/feature/quickstack/client/QuickStackButtons with maxs=true frames=true
[Architectury Transformer DEBUG] Writing net/lyivx/ls_tweaks/common/feature/quickstack/QuickStackCommon$Direction with maxs=true frames=true
[Architectury Transformer DEBUG] Writing net/lyivx/ls_tweaks/common/feature/quickstack/QuickStackCommon$Mode with maxs=true frames=true
[Architectury Transformer DEBUG] Writing net/lyivx/ls_tweaks/common/feature/quickstack/QuickStackCommon with maxs=true frames=true
[Architectury Transformer DEBUG] Writing net/lyivx/ls_tweaks/common/feature/refill/RefillClient with maxs=true frames=true
[Architectury Transformer DEBUG] Writing net/lyivx/ls_tweaks/common/feature/refill/RefillCommon with maxs=true frames=true
[Architectury Transformer DEBUG] Writing net/lyivx/ls_tweaks/common/feature/slotlock/client/SlotLockButtons with maxs=true frames=true
[Architectury Transformer DEBUG] Writing net/lyivx/ls_tweaks/common/feature/slotlock/SlotLockClient with maxs=true frames=true
[Architectury Transformer DEBUG] Writing net/lyivx/ls_tweaks/common/feature/slotlock/SlotLockCommon$ItemSignature with maxs=true frames=true
[Architectury Transformer DEBUG] Writing net/lyivx/ls_tweaks/common/feature/slotlock/SlotLockCommon with maxs=true frames=true
[Architectury Transformer DEBUG] Writing net/lyivx/ls_tweaks/common/feature/sort/CategoryResolver with maxs=true frames=true
[Architectury Transformer DEBUG] Writing net/lyivx/ls_tweaks/common/feature/sort/client/SortingButtons$1 with maxs=true frames=true
[Architectury Transformer DEBUG] Writing net/lyivx/ls_tweaks/common/feature/sort/client/SortingButtons$Anchor with maxs=true frames=true
[Architectury Transformer DEBUG] Writing net/lyivx/ls_tweaks/common/feature/sort/client/SortingButtons with maxs=true frames=true
[Architectury Transformer DEBUG] Writing net/lyivx/ls_tweaks/common/feature/sort/InventoryButtonLayoutData$IdGroup with maxs=true frames=true
[Architectury Transformer DEBUG] Writing net/lyivx/ls_tweaks/common/feature/sort/InventoryButtonLayoutData$Model with maxs=true frames=true
[Architectury Transformer DEBUG] Writing net/lyivx/ls_tweaks/common/feature/sort/InventoryButtonLayoutData with maxs=true frames=true
[Architectury Transformer DEBUG] Writing net/lyivx/ls_tweaks/common/feature/sort/InventorySorter$1 with maxs=true frames=true
[Architectury Transformer DEBUG] Writing net/lyivx/ls_tweaks/common/feature/sort/InventorySorter$StackKey with maxs=true frames=true
[Architectury Transformer DEBUG] Writing net/lyivx/ls_tweaks/common/feature/sort/InventorySorter with maxs=true frames=true
[Architectury Transformer DEBUG] Writing net/lyivx/ls_tweaks/common/feature/sort/SortingClient$1 with maxs=true frames=true
[Architectury Transformer DEBUG] Writing net/lyivx/ls_tweaks/common/feature/sort/SortingClient with maxs=true frames=true
[Architectury Transformer DEBUG] Writing net/lyivx/ls_tweaks/common/feature/sort/SortingCommon$1 with maxs=true frames=true
[Architectury Transformer DEBUG] Writing net/lyivx/ls_tweaks/common/feature/sort/SortingCommon with maxs=true frames=true
[Architectury Transformer DEBUG] Writing net/lyivx/ls_tweaks/common/feature/sort/SortingWhitelist with maxs=true frames=true
[Architectury Transformer DEBUG] Writing net/lyivx/ls_tweaks/common/feature/sort/SortingWhitelistData$Model with maxs=true frames=true
[Architectury Transformer DEBUG] Writing net/lyivx/ls_tweaks/common/feature/sort/SortingWhitelistData with maxs=true frames=true
[Architectury Transformer DEBUG] Writing net/lyivx/ls_tweaks/common/keybinds/ConfigKeybind with maxs=true frames=true
[Architectury Transformer DEBUG] Writing net/lyivx/ls_tweaks/common/keybinds/SortKeybind with maxs=true frames=true
[Architectury Transformer DEBUG] Writing net/lyivx/ls_tweaks/common/network/QolNet$InvLayoutSyncS2CPayload with maxs=true frames=true
[Architectury Transformer DEBUG] Writing net/lyivx/ls_tweaks/common/network/QolNet$QuickMoveC2SPayload with maxs=true frames=true
[Architectury Transformer DEBUG] Writing net/lyivx/ls_tweaks/common/network/QolNet$QuickStackC2SPayload with maxs=true frames=true
[Architectury Transformer DEBUG] Writing net/lyivx/ls_tweaks/common/network/QolNet$RefillC2SPayload with maxs=true frames=true
[Architectury Transformer DEBUG] Writing net/lyivx/ls_tweaks/common/network/QolNet$SlotLockSyncS2CPayload with maxs=true frames=true
[Architectury Transformer DEBUG] Writing net/lyivx/ls_tweaks/common/network/QolNet$SlotLockToggleC2SPayload with maxs=true frames=true
[Architectury Transformer DEBUG] Writing net/lyivx/ls_tweaks/common/network/QolNet$SortC2SPayload$Mode with maxs=true frames=true
[Architectury Transformer DEBUG] Writing net/lyivx/ls_tweaks/common/network/QolNet$SortC2SPayload$Target with maxs=true frames=true
[Architectury Transformer DEBUG] Writing net/lyivx/ls_tweaks/common/network/QolNet$SortC2SPayload with maxs=true frames=true
[Architectury Transformer DEBUG] Writing net/lyivx/ls_tweaks/common/network/QolNet$WhitelistSyncS2CPayload with maxs=true frames=true
[Architectury Transformer DEBUG] Writing net/lyivx/ls_tweaks/common/network/QolNet with maxs=true frames=true
[Architectury Transformer DEBUG] Writing net/lyivx/ls_tweaks/common/ui/IconButton with maxs=true frames=true
[Architectury Transformer DEBUG] Writing net/lyivx/ls_tweaks/common/util/InvUtils with maxs=true frames=true
[Architectury Transformer DEBUG] Writing net/lyivx/ls_tweaks/common/util/QuickOpContext with maxs=true frames=true
[Architectury Transformer DEBUG] Writing net/lyivx/ls_tweaks/ExpectPlatformClient with maxs=true frames=true
[Architectury Transformer DEBUG] Writing net/lyivx/ls_tweaks/LYIVXs_tweaks with maxs=true frames=true
[Architectury Transformer DEBUG] Writing net/lyivx/ls_tweaks/mixin/Inventory_addMixin with maxs=true frames=true
[Architectury Transformer DEBUG] Writing net/lyivx/ls_tweaks/mixin/KeyboardHandlerMixin with maxs=true frames=true
[Architectury Transformer DEBUG] Writing net/lyivx/ls_tweaks/mixin/ScreenMixin with maxs=true frames=true
[Architectury Transformer DEBUG] Writing net/lyivx/ls_tweaks/mixin/Slot_mayPlaceMixin with maxs=true frames=true
[Architectury Transformer DEBUG] Writing net/lyivx/ls_tweaks/recipes/categories/CookingCategoryBase with maxs=true frames=true
[Architectury Transformer DEBUG] Writing net/lyivx/ls_tweaks/recipes/categories/CraftingAnyCategory with maxs=true frames=true
[Architectury Transformer DEBUG] Writing net/lyivx/ls_tweaks/recipes/categories/furnection/ChoppingBoardCategory with maxs=true frames=true
[Architectury Transformer DEBUG] Writing net/lyivx/ls_tweaks/recipes/categories/furnection/WorkstationCategory with maxs=true frames=true
[Architectury Transformer DEBUG] Writing net/lyivx/ls_tweaks/recipes/categories/TagsCategory with maxs=true frames=true
[Architectury Transformer DEBUG] Writing net/lyivx/ls_tweaks/recipes/index/ItemIndex with maxs=true frames=true
[Architectury Transformer DEBUG] Writing net/lyivx/ls_tweaks/recipes/index/JsonRecipeIndex$JsonRecipe with maxs=true frames=true
[Architectury Transformer DEBUG] Writing net/lyivx/ls_tweaks/recipes/index/JsonRecipeIndex$SimpleDisplay with maxs=true frames=true
[Architectury Transformer DEBUG] Writing net/lyivx/ls_tweaks/recipes/index/JsonRecipeIndex with maxs=true frames=true
[Architectury Transformer DEBUG] Writing net/lyivx/ls_tweaks/recipes/index/RecipeIndex with maxs=true frames=true
[Architectury Transformer DEBUG] Writing net/lyivx/ls_tweaks/recipes/RecipeBootstrap$1 with maxs=true frames=true
[Architectury Transformer DEBUG] Writing net/lyivx/ls_tweaks/recipes/RecipeBootstrap$2 with maxs=true frames=true
[Architectury Transformer DEBUG] Writing net/lyivx/ls_tweaks/recipes/RecipeBootstrap$3 with maxs=true frames=true
[Architectury Transformer DEBUG] Writing net/lyivx/ls_tweaks/recipes/RecipeBootstrap$4 with maxs=true frames=true
[Architectury Transformer DEBUG] Writing net/lyivx/ls_tweaks/recipes/RecipeBootstrap with maxs=true frames=true
[Architectury Transformer DEBUG] Writing net/lyivx/ls_tweaks/recipes/RecipeBrowser with maxs=true frames=true
[Architectury Transformer DEBUG] Writing net/lyivx/ls_tweaks/recipes/util/DisplayUtil with maxs=true frames=true
[Architectury Transformer DEBUG] Writing net/lyivx/ls_tweaks/recipes/util/RecipeEnumeration with maxs=true frames=true
[Architectury Transformer DEBUG] Writing net/lyivx/ls_tweaks/recipes/util/RecipeEnumerationResults with maxs=true frames=true
[Architectury Transformer DEBUG] Writing net/lyivx/ls_tweaks/recipes/util/TagsUtil with maxs=true frames=true
[Architectury Transformer DEBUG] Writing net/lyivx/ls_tweaks/recipes/wrappers/CookingRecipeHelper with maxs=true frames=true
[Architectury Transformer DEBUG] Writing net/lyivx/ls_tweaks/recipes/wrappers/WorkstationRecipeHelper with maxs=true frames=true
[Architectury Transformer DEBUG] Writing net/lyivx/ls_tweaks/recipeview/config/RecipeViewerClientConfigHelper with maxs=true frames=true
[Architectury Transformer DEBUG] Writing net/lyivx/ls_tweaks/recipeview/config/RecipeViewerConfigProvider$FillMode with maxs=true frames=true
[Architectury Transformer DEBUG] Writing net/lyivx/ls_tweaks/recipeview/config/RecipeViewerConfigProvider$LayoutPos with maxs=true frames=true
[Architectury Transformer DEBUG] Writing net/lyivx/ls_tweaks/recipeview/config/RecipeViewerConfigProvider with maxs=true frames=true
[Architectury Transformer DEBUG] Checking whether /lyivxs-tweaks-common-common-refmap.json is a mixin config.
[Architectury Transformer DEBUG] Checking whether /ls_tweaks.mixins.json is a mixin config.
[Architectury Transformer DEBUG] Closed File Systems for C:\Users\tommy\AppData\Local\Temp\9174146242652811843.jar
[Architectury Transformer] Listening at E:\WorkSpaces\LYIVXs Tweaks\common\build\devlibs\lyivxs-tweaks-common-1.0.0-dev.jar
[Architectury Transformer DEBUG] Temporary jar [C:\Users\tommy\AppData\Local\Temp\9174146242652811843.jar] contains packages: net.lyivx.ls_tweaks.common.feature.quickmove, net.lyivx.ls_tweaks.recipes, net.lyivx.ls_tweaks.recipes.index, net.lyivx.ls_tweaks.common.ui, net.lyivx.ls_tweaks.recipes.categories.furnection, net.lyivx.ls_tweaks.client, net.lyivx.ls_tweaks.api.recipes, net.lyivx.ls_tweaks.mixin, net.lyivx.ls_tweaks.common.feature.slotlock.client, net.lyivx.ls_tweaks.recipeview.config, net.lyivx.ls_tweaks.common.util, net.lyivx.ls_tweaks.recipes.wrappers, net.lyivx.ls_tweaks.recipes.categories, net.lyivx.ls_tweaks.common.debug, net.lyivx.ls_tweaks.recipes.util, net.lyivx.ls_tweaks.api.recipes.annotation, net.lyivx.ls_tweaks.common.feature.refill, net.lyivx.ls_tweaks.common.feature.sort.client, net.lyivx.ls_tweaks.common.config, net.lyivx.ls_tweaks.common.keybinds, net.lyivx.ls_tweaks.common.feature.sort, net.lyivx.ls_tweaks.common.network, net.lyivx.ls_tweaks.common.feature.quickstack, net.lyivx.ls_tweaks.common.feature.slotlock, net.lyivx.ls_tweaks.common.feature.quickstack.client, net.lyivx.ls_tweaks.client.screen, net.lyivx.ls_tweaks, net.lyivx.ls_tweaks.client.overlay
[Architectury Transformer DEBUG] Closed File Systems for E:\WorkSpaces\LYIVXs Tweaks\common\build\devlibs\lyivxs-tweaks-common-1.0.0-dev.jar
[Architectury Transformer DEBUG] Classpath entry [E:\WorkSpaces\LYIVXs Tweaks\fabric\build\resources\main] contains packages: 
[Architectury Transformer DEBUG] Transforming from net/lyivx/ls_tweaks/LYIVXs_tweaks.class to net/lyivx/ls_tweaks/LYIVXs_tweaks.class with 5 transformer(s) on dev.architectury.transformer.handler.TinyRemapperPreparedTransformerHandler
[Architectury Transformer DEBUG] Found class transformer
[Architectury Transformer DEBUG] Writing net/lyivx/ls_tweaks/LYIVXs_tweaks with maxs=true frames=true
[Architectury Transformer DEBUG] Transformed net/lyivx/ls_tweaks/LYIVXs_tweaks in 1.257 ms
[Architectury Transformer DEBUG] Transforming from net/lyivx/ls_tweaks/common/network/QolNet.class to net/lyivx/ls_tweaks/common/network/QolNet.class with 5 transformer(s) on dev.architectury.transformer.handler.TinyRemapperPreparedTransformerHandler
[Architectury Transformer DEBUG] Found class transformer
[Architectury Transformer DEBUG] Writing net/lyivx/ls_tweaks/common/network/QolNet with maxs=true frames=true
[Architectury Transformer DEBUG] Transformed net/lyivx/ls_tweaks/common/network/QolNet in 1.180 ms
[Architectury Transformer DEBUG] Transforming from net/lyivx/ls_tweaks/common/network/QolNet$RefillC2SPayload.class to net/lyivx/ls_tweaks/common/network/QolNet$RefillC2SPayload.class with 5 transformer(s) on dev.architectury.transformer.handler.TinyRemapperPreparedTransformerHandler
[Architectury Transformer DEBUG] Found class transformer
[Architectury Transformer DEBUG] Writing net/lyivx/ls_tweaks/common/network/QolNet$RefillC2SPayload with maxs=true frames=true
[Architectury Transformer DEBUG] Transformed net/lyivx/ls_tweaks/common/network/QolNet$RefillC2SPayload in 787.6 μs
[Architectury Transformer DEBUG] Transforming from net/lyivx/ls_tweaks/common/network/QolNet$SortC2SPayload.class to net/lyivx/ls_tweaks/common/network/QolNet$SortC2SPayload.class with 5 transformer(s) on dev.architectury.transformer.handler.TinyRemapperPreparedTransformerHandler
[Architectury Transformer DEBUG] Found class transformer
[Architectury Transformer DEBUG] Writing net/lyivx/ls_tweaks/common/network/QolNet$SortC2SPayload with maxs=true frames=true
[Architectury Transformer DEBUG] Transformed net/lyivx/ls_tweaks/common/network/QolNet$SortC2SPayload in 548.8 μs
[Architectury Transformer DEBUG] Transforming from net/lyivx/ls_tweaks/common/network/QolNet$SortC2SPayload$Target.class to net/lyivx/ls_tweaks/common/network/QolNet$SortC2SPayload$Target.class with 5 transformer(s) on dev.architectury.transformer.handler.TinyRemapperPreparedTransformerHandler
[Architectury Transformer DEBUG] Found class transformer
[Architectury Transformer DEBUG] Writing net/lyivx/ls_tweaks/common/network/QolNet$SortC2SPayload$Target with maxs=true frames=true
[Architectury Transformer DEBUG] Transformed net/lyivx/ls_tweaks/common/network/QolNet$SortC2SPayload$Target in 291.9 μs
[Architectury Transformer DEBUG] Transforming from net/lyivx/ls_tweaks/common/network/QolNet$SortC2SPayload$Mode.class to net/lyivx/ls_tweaks/common/network/QolNet$SortC2SPayload$Mode.class with 5 transformer(s) on dev.architectury.transformer.handler.TinyRemapperPreparedTransformerHandler
[Architectury Transformer DEBUG] Found class transformer
[Architectury Transformer DEBUG] Writing net/lyivx/ls_tweaks/common/network/QolNet$SortC2SPayload$Mode with maxs=true frames=true
[Architectury Transformer DEBUG] Transformed net/lyivx/ls_tweaks/common/network/QolNet$SortC2SPayload$Mode in 237.8 μs
[Architectury Transformer DEBUG] Transforming from net/lyivx/ls_tweaks/common/network/QolNet$WhitelistSyncS2CPayload.class to net/lyivx/ls_tweaks/common/network/QolNet$WhitelistSyncS2CPayload.class with 5 transformer(s) on dev.architectury.transformer.handler.TinyRemapperPreparedTransformerHandler
[Architectury Transformer DEBUG] Found class transformer
[Architectury Transformer DEBUG] Writing net/lyivx/ls_tweaks/common/network/QolNet$WhitelistSyncS2CPayload with maxs=true frames=true
[Architectury Transformer DEBUG] Transformed net/lyivx/ls_tweaks/common/network/QolNet$WhitelistSyncS2CPayload in 1.088 ms
[Architectury Transformer DEBUG] Transforming from net/lyivx/ls_tweaks/common/network/QolNet$InvLayoutSyncS2CPayload.class to net/lyivx/ls_tweaks/common/network/QolNet$InvLayoutSyncS2CPayload.class with 5 transformer(s) on dev.architectury.transformer.handler.TinyRemapperPreparedTransformerHandler
[Architectury Transformer DEBUG] Found class transformer
[Architectury Transformer DEBUG] Writing net/lyivx/ls_tweaks/common/network/QolNet$InvLayoutSyncS2CPayload with maxs=true frames=true
[Architectury Transformer DEBUG] Transformed net/lyivx/ls_tweaks/common/network/QolNet$InvLayoutSyncS2CPayload in 728.4 μs
[Architectury Transformer DEBUG] Transforming from net/lyivx/ls_tweaks/common/network/QolNet$QuickStackC2SPayload.class to net/lyivx/ls_tweaks/common/network/QolNet$QuickStackC2SPayload.class with 5 transformer(s) on dev.architectury.transformer.handler.TinyRemapperPreparedTransformerHandler
[Architectury Transformer DEBUG] Found class transformer
[Architectury Transformer DEBUG] Writing net/lyivx/ls_tweaks/common/network/QolNet$QuickStackC2SPayload with maxs=true frames=true
[Architectury Transformer DEBUG] Transformed net/lyivx/ls_tweaks/common/network/QolNet$QuickStackC2SPayload in 639.9 μs
[Architectury Transformer DEBUG] Transforming from net/lyivx/ls_tweaks/common/feature/quickstack/QuickStackCommon$Direction.class to net/lyivx/ls_tweaks/common/feature/quickstack/QuickStackCommon$Direction.class with 5 transformer(s) on dev.architectury.transformer.handler.TinyRemapperPreparedTransformerHandler
[Architectury Transformer DEBUG] Found class transformer
[Architectury Transformer DEBUG] Writing net/lyivx/ls_tweaks/common/feature/quickstack/QuickStackCommon$Direction with maxs=true frames=true
[Architectury Transformer DEBUG] Transformed net/lyivx/ls_tweaks/common/feature/quickstack/QuickStackCommon$Direction in 406.2 μs
[Architectury Transformer DEBUG] Transforming from net/lyivx/ls_tweaks/common/feature/quickstack/QuickStackCommon$Mode.class to net/lyivx/ls_tweaks/common/feature/quickstack/QuickStackCommon$Mode.class with 5 transformer(s) on dev.architectury.transformer.handler.TinyRemapperPreparedTransformerHandler
[Architectury Transformer DEBUG] Found class transformer
[Architectury Transformer DEBUG] Writing net/lyivx/ls_tweaks/common/feature/quickstack/QuickStackCommon$Mode with maxs=true frames=true
[Architectury Transformer DEBUG] Transformed net/lyivx/ls_tweaks/common/feature/quickstack/QuickStackCommon$Mode in 259.8 μs
[Architectury Transformer DEBUG] Transforming from net/lyivx/ls_tweaks/common/network/QolNet$QuickMoveC2SPayload.class to net/lyivx/ls_tweaks/common/network/QolNet$QuickMoveC2SPayload.class with 5 transformer(s) on dev.architectury.transformer.handler.TinyRemapperPreparedTransformerHandler
[Architectury Transformer DEBUG] Found class transformer
[Architectury Transformer DEBUG] Writing net/lyivx/ls_tweaks/common/network/QolNet$QuickMoveC2SPayload with maxs=true frames=true
[Architectury Transformer DEBUG] Transformed net/lyivx/ls_tweaks/common/network/QolNet$QuickMoveC2SPayload in 637.0 μs
[Architectury Transformer DEBUG] Transforming from net/lyivx/ls_tweaks/common/network/QolNet$SlotLockToggleC2SPayload.class to net/lyivx/ls_tweaks/common/network/QolNet$SlotLockToggleC2SPayload.class with 5 transformer(s) on dev.architectury.transformer.handler.TinyRemapperPreparedTransformerHandler
[Architectury Transformer DEBUG] Found class transformer
[Architectury Transformer DEBUG] Writing net/lyivx/ls_tweaks/common/network/QolNet$SlotLockToggleC2SPayload with maxs=true frames=true
[Architectury Transformer DEBUG] Transformed net/lyivx/ls_tweaks/common/network/QolNet$SlotLockToggleC2SPayload in 685.6 μs
[Architectury Transformer DEBUG] Transforming from net/lyivx/ls_tweaks/common/network/QolNet$SlotLockSyncS2CPayload.class to net/lyivx/ls_tweaks/common/network/QolNet$SlotLockSyncS2CPayload.class with 5 transformer(s) on dev.architectury.transformer.handler.TinyRemapperPreparedTransformerHandler
[Architectury Transformer DEBUG] Found class transformer
[Architectury Transformer DEBUG] Writing net/lyivx/ls_tweaks/common/network/QolNet$SlotLockSyncS2CPayload with maxs=true frames=true
[Architectury Transformer DEBUG] Transformed net/lyivx/ls_tweaks/common/network/QolNet$SlotLockSyncS2CPayload in 679.8 μs
[Architectury Transformer DEBUG] Transforming from net/lyivx/ls_tweaks/common/feature/refill/RefillCommon.class to net/lyivx/ls_tweaks/common/feature/refill/RefillCommon.class with 5 transformer(s) on dev.architectury.transformer.handler.TinyRemapperPreparedTransformerHandler
[Architectury Transformer DEBUG] Found class transformer
[Architectury Transformer DEBUG] Writing net/lyivx/ls_tweaks/common/feature/refill/RefillCommon with maxs=true frames=true
[Architectury Transformer DEBUG] Transformed net/lyivx/ls_tweaks/common/feature/refill/RefillCommon in 438.4 μs
[Architectury Transformer DEBUG] Transforming from net/lyivx/ls_tweaks/common/feature/slotlock/SlotLockCommon.class to net/lyivx/ls_tweaks/common/feature/slotlock/SlotLockCommon.class with 5 transformer(s) on dev.architectury.transformer.handler.TinyRemapperPreparedTransformerHandler
[Architectury Transformer DEBUG] Found class transformer
[Architectury Transformer DEBUG] Writing net/lyivx/ls_tweaks/common/feature/slotlock/SlotLockCommon with maxs=true frames=true
[Architectury Transformer DEBUG] Transformed net/lyivx/ls_tweaks/common/feature/slotlock/SlotLockCommon in 826.5 μs
[Architectury Transformer DEBUG] Transforming from net/lyivx/ls_tweaks/common/feature/sort/SortingWhitelistData.class to net/lyivx/ls_tweaks/common/feature/sort/SortingWhitelistData.class with 5 transformer(s) on dev.architectury.transformer.handler.TinyRemapperPreparedTransformerHandler
[Architectury Transformer DEBUG] Found class transformer
[Architectury Transformer DEBUG] Writing net/lyivx/ls_tweaks/common/feature/sort/SortingWhitelistData with maxs=true frames=true
[Architectury Transformer DEBUG] Transformed net/lyivx/ls_tweaks/common/feature/sort/SortingWhitelistData in 1.100 ms
[Architectury Transformer DEBUG] Transforming from net/lyivx/ls_tweaks/common/feature/sort/SortingWhitelistData$Model.class to net/lyivx/ls_tweaks/common/feature/sort/SortingWhitelistData$Model.class with 5 transformer(s) on dev.architectury.transformer.handler.TinyRemapperPreparedTransformerHandler
[Architectury Transformer DEBUG] Found class transformer
[Architectury Transformer DEBUG] Writing net/lyivx/ls_tweaks/common/feature/sort/SortingWhitelistData$Model with maxs=true frames=true
[Architectury Transformer DEBUG] Transformed net/lyivx/ls_tweaks/common/feature/sort/SortingWhitelistData$Model in 563.5 μs
[Architectury Transformer DEBUG] Transforming from net/lyivx/ls_tweaks/common/feature/sort/InventoryButtonLayoutData.class to net/lyivx/ls_tweaks/common/feature/sort/InventoryButtonLayoutData.class with 5 transformer(s) on dev.architectury.transformer.handler.TinyRemapperPreparedTransformerHandler
[Architectury Transformer DEBUG] Found class transformer
[Architectury Transformer DEBUG] Writing net/lyivx/ls_tweaks/common/feature/sort/InventoryButtonLayoutData with maxs=true frames=true
[Architectury Transformer DEBUG] Transformed net/lyivx/ls_tweaks/common/feature/sort/InventoryButtonLayoutData in 860.7 μs
[Architectury Transformer DEBUG] Transforming from net/lyivx/ls_tweaks/common/feature/sort/InventoryButtonLayoutData$Model.class to net/lyivx/ls_tweaks/common/feature/sort/InventoryButtonLayoutData$Model.class with 5 transformer(s) on dev.architectury.transformer.handler.TinyRemapperPreparedTransformerHandler
[Architectury Transformer DEBUG] Found class transformer
[Architectury Transformer DEBUG] Writing net/lyivx/ls_tweaks/common/feature/sort/InventoryButtonLayoutData$Model with maxs=true frames=true
[Architectury Transformer DEBUG] Transformed net/lyivx/ls_tweaks/common/feature/sort/InventoryButtonLayoutData$Model in 705.1 μs
[Architectury Transformer DEBUG] Transforming from net/lyivx/ls_tweaks/common/feature/sort/InventoryButtonLayoutData$IdGroup.class to net/lyivx/ls_tweaks/common/feature/sort/InventoryButtonLayoutData$IdGroup.class with 5 transformer(s) on dev.architectury.transformer.handler.TinyRemapperPreparedTransformerHandler
[Architectury Transformer DEBUG] Found class transformer
[Architectury Transformer DEBUG] Writing net/lyivx/ls_tweaks/common/feature/sort/InventoryButtonLayoutData$IdGroup with maxs=true frames=true
[Architectury Transformer DEBUG] Transformed net/lyivx/ls_tweaks/common/feature/sort/InventoryButtonLayoutData$IdGroup in 296.8 μs
[Architectury Transformer DEBUG] Transforming from net/lyivx/ls_tweaks/common/config/ConfigRegistry.class to net/lyivx/ls_tweaks/common/config/ConfigRegistry.class with 5 transformer(s) on dev.architectury.transformer.handler.TinyRemapperPreparedTransformerHandler
[Architectury Transformer DEBUG] Found class transformer
[Architectury Transformer DEBUG] Writing net/lyivx/ls_tweaks/common/config/ConfigRegistry with maxs=true frames=true
[Architectury Transformer DEBUG] Transformed net/lyivx/ls_tweaks/common/config/ConfigRegistry in 264.2 μs
[Architectury Transformer DEBUG] Transforming from net/lyivx/ls_tweaks/common/config/ConfigProvider.class to net/lyivx/ls_tweaks/common/config/ConfigProvider.class with 5 transformer(s) on dev.architectury.transformer.handler.TinyRemapperPreparedTransformerHandler
[Architectury Transformer DEBUG] Found class transformer
[Architectury Transformer DEBUG] Writing net/lyivx/ls_tweaks/common/config/ConfigProvider with maxs=true frames=true
[Architectury Transformer DEBUG] Transformed net/lyivx/ls_tweaks/common/config/ConfigProvider in 840.0 μs
[Architectury Transformer DEBUG] Transforming from net/lyivx/ls_tweaks/common/config/KeybindButton$KeyOption.class to net/lyivx/ls_tweaks/common/config/KeybindButton$KeyOption.class with 5 transformer(s) on dev.architectury.transformer.handler.TinyRemapperPreparedTransformerHandler
[Architectury Transformer DEBUG] Found class transformer
[Architectury Transformer DEBUG] Writing net/lyivx/ls_tweaks/common/config/KeybindButton$KeyOption with maxs=true frames=true
[Architectury Transformer DEBUG] Transformed net/lyivx/ls_tweaks/common/config/KeybindButton$KeyOption in 1.219 ms
[Architectury Transformer DEBUG] Transforming from net/lyivx/ls_tweaks/common/config/ConfigProvider$SortMode.class to net/lyivx/ls_tweaks/common/config/ConfigProvider$SortMode.class with 5 transformer(s) on dev.architectury.transformer.handler.TinyRemapperPreparedTransformerHandler
[Architectury Transformer DEBUG] Found class transformer
[Architectury Transformer DEBUG] Writing net/lyivx/ls_tweaks/common/config/ConfigProvider$SortMode with maxs=true frames=true
[Architectury Transformer DEBUG] Transformed net/lyivx/ls_tweaks/common/config/ConfigProvider$SortMode in 478.2 μs
[Architectury Transformer DEBUG] Transforming from net/lyivx/ls_tweaks/recipeview/config/RecipeViewerConfigProvider.class to net/lyivx/ls_tweaks/recipeview/config/RecipeViewerConfigProvider.class with 5 transformer(s) on dev.architectury.transformer.handler.TinyRemapperPreparedTransformerHandler
[Architectury Transformer DEBUG] Found class transformer
[Architectury Transformer DEBUG] Writing net/lyivx/ls_tweaks/recipeview/config/RecipeViewerConfigProvider with maxs=true frames=true
[Architectury Transformer DEBUG] Transformed net/lyivx/ls_tweaks/recipeview/config/RecipeViewerConfigProvider in 1.168 ms
[Architectury Transformer DEBUG] Transforming from net/lyivx/ls_tweaks/recipeview/config/RecipeViewerConfigProvider$LayoutPos.class to net/lyivx/ls_tweaks/recipeview/config/RecipeViewerConfigProvider$LayoutPos.class with 5 transformer(s) on dev.architectury.transformer.handler.TinyRemapperPreparedTransformerHandler
[Architectury Transformer DEBUG] Found class transformer
[Architectury Transformer DEBUG] Writing net/lyivx/ls_tweaks/recipeview/config/RecipeViewerConfigProvider$LayoutPos with maxs=true frames=true
[Architectury Transformer DEBUG] Transformed net/lyivx/ls_tweaks/recipeview/config/RecipeViewerConfigProvider$LayoutPos in 583.0 μs
[Architectury Transformer DEBUG] Transforming from net/lyivx/ls_tweaks/recipeview/config/RecipeViewerConfigProvider$FillMode.class to net/lyivx/ls_tweaks/recipeview/config/RecipeViewerConfigProvider$FillMode.class with 5 transformer(s) on dev.architectury.transformer.handler.TinyRemapperPreparedTransformerHandler
[Architectury Transformer DEBUG] Found class transformer
[Architectury Transformer DEBUG] Writing net/lyivx/ls_tweaks/recipeview/config/RecipeViewerConfigProvider$FillMode with maxs=true frames=true
[Architectury Transformer DEBUG] Transformed net/lyivx/ls_tweaks/recipeview/config/RecipeViewerConfigProvider$FillMode in 304.1 μs
[Architectury Transformer DEBUG] Transforming from net/lyivx/ls_tweaks/client/LYIVXs_tweaksClient.class to net/lyivx/ls_tweaks/client/LYIVXs_tweaksClient.class with 5 transformer(s) on dev.architectury.transformer.handler.TinyRemapperPreparedTransformerHandler
[Architectury Transformer DEBUG] Found class transformer
[Architectury Transformer DEBUG] Writing net/lyivx/ls_tweaks/client/LYIVXs_tweaksClient with maxs=true frames=true
[Architectury Transformer DEBUG] Transformed net/lyivx/ls_tweaks/client/LYIVXs_tweaksClient in 415.0 μs
[Architectury Transformer DEBUG] Transforming from net/lyivx/ls_tweaks/common/keybinds/SortKeybind.class to net/lyivx/ls_tweaks/common/keybinds/SortKeybind.class with 5 transformer(s) on dev.architectury.transformer.handler.TinyRemapperPreparedTransformerHandler
[Architectury Transformer DEBUG] Found class transformer
[Architectury Transformer DEBUG] Writing net/lyivx/ls_tweaks/common/keybinds/SortKeybind with maxs=true frames=true
[Architectury Transformer DEBUG] Transformed net/lyivx/ls_tweaks/common/keybinds/SortKeybind in 323.9 μs
[Architectury Transformer DEBUG] Transforming from net/lyivx/ls_tweaks/common/keybinds/ConfigKeybind.class to net/lyivx/ls_tweaks/common/keybinds/ConfigKeybind.class with 5 transformer(s) on dev.architectury.transformer.handler.TinyRemapperPreparedTransformerHandler
[Architectury Transformer DEBUG] Found class transformer
[Architectury Transformer DEBUG] Writing net/lyivx/ls_tweaks/common/keybinds/ConfigKeybind with maxs=true frames=true
[Architectury Transformer DEBUG] Transformed net/lyivx/ls_tweaks/common/keybinds/ConfigKeybind in 540.7 μs
[Architectury Transformer DEBUG] Transforming from net/lyivx/ls_tweaks/common/feature/refill/RefillClient.class to net/lyivx/ls_tweaks/common/feature/refill/RefillClient.class with 5 transformer(s) on dev.architectury.transformer.handler.TinyRemapperPreparedTransformerHandler
[Architectury Transformer DEBUG] Found class transformer
[Architectury Transformer DEBUG] Writing net/lyivx/ls_tweaks/common/feature/refill/RefillClient with maxs=true frames=true
[Architectury Transformer DEBUG] Transformed net/lyivx/ls_tweaks/common/feature/refill/RefillClient in 439.5 μs
[Architectury Transformer DEBUG] Transforming from net/lyivx/ls_tweaks/common/feature/sort/SortingClient.class to net/lyivx/ls_tweaks/common/feature/sort/SortingClient.class with 5 transformer(s) on dev.architectury.transformer.handler.TinyRemapperPreparedTransformerHandler
[Architectury Transformer DEBUG] Found class transformer
[Architectury Transformer DEBUG] Writing net/lyivx/ls_tweaks/common/feature/sort/SortingClient with maxs=true frames=true
[Architectury Transformer DEBUG] Transformed net/lyivx/ls_tweaks/common/feature/sort/SortingClient in 912.8 μs
[Architectury Transformer DEBUG] Transforming from net/lyivx/ls_tweaks/common/feature/quickmove/QuickMoveDragClient.class to net/lyivx/ls_tweaks/common/feature/quickmove/QuickMoveDragClient.class with 5 transformer(s) on dev.architectury.transformer.handler.TinyRemapperPreparedTransformerHandler
[Architectury Transformer DEBUG] Found class transformer
[Architectury Transformer DEBUG] Writing net/lyivx/ls_tweaks/common/feature/quickmove/QuickMoveDragClient with maxs=true frames=true
[Architectury Transformer DEBUG] Transformed net/lyivx/ls_tweaks/common/feature/quickmove/QuickMoveDragClient in 725.8 μs
[Architectury Transformer DEBUG] Transforming from net/lyivx/ls_tweaks/common/feature/slotlock/SlotLockClient.class to net/lyivx/ls_tweaks/common/feature/slotlock/SlotLockClient.class with 5 transformer(s) on dev.architectury.transformer.handler.TinyRemapperPreparedTransformerHandler
[Architectury Transformer DEBUG] Found class transformer
[Architectury Transformer DEBUG] Writing net/lyivx/ls_tweaks/common/feature/slotlock/SlotLockClient with maxs=true frames=true
[Architectury Transformer DEBUG] Transformed net/lyivx/ls_tweaks/common/feature/slotlock/SlotLockClient in 1.265 ms
[Architectury Transformer DEBUG] Transforming from net/lyivx/ls_tweaks/recipes/RecipeBrowser.class to net/lyivx/ls_tweaks/recipes/RecipeBrowser.class with 5 transformer(s) on dev.architectury.transformer.handler.TinyRemapperPreparedTransformerHandler
[Architectury Transformer DEBUG] Found class transformer
[Architectury Transformer DEBUG] Writing net/lyivx/ls_tweaks/recipes/RecipeBrowser with maxs=true frames=true
[Architectury Transformer DEBUG] Transformed net/lyivx/ls_tweaks/recipes/RecipeBrowser in 552.3 μs
[Architectury Transformer DEBUG] Transforming from net/lyivx/ls_tweaks/api/recipes/CategoryRegistry.class to net/lyivx/ls_tweaks/api/recipes/CategoryRegistry.class with 5 transformer(s) on dev.architectury.transformer.handler.TinyRemapperPreparedTransformerHandler
[Architectury Transformer DEBUG] Found class transformer
[Architectury Transformer DEBUG] Writing net/lyivx/ls_tweaks/api/recipes/CategoryRegistry with maxs=true frames=true
[Architectury Transformer DEBUG] Transformed net/lyivx/ls_tweaks/api/recipes/CategoryRegistry in 434.4 μs
[Architectury Transformer DEBUG] Transforming from net/lyivx/ls_tweaks/recipes/RecipeBootstrap.class to net/lyivx/ls_tweaks/recipes/RecipeBootstrap.class with 5 transformer(s) on dev.architectury.transformer.handler.TinyRemapperPreparedTransformerHandler
[Architectury Transformer DEBUG] Found class transformer
[Architectury Transformer DEBUG] Writing net/lyivx/ls_tweaks/recipes/RecipeBootstrap with maxs=true frames=true
[Architectury Transformer DEBUG] Transformed net/lyivx/ls_tweaks/recipes/RecipeBootstrap in 272.8 μs
[Architectury Transformer DEBUG] Transforming from net/lyivx/ls_tweaks/api/recipes/RecipeCategory.class to net/lyivx/ls_tweaks/api/recipes/RecipeCategory.class with 5 transformer(s) on dev.architectury.transformer.handler.TinyRemapperPreparedTransformerHandler
[Architectury Transformer DEBUG] Found class transformer
[Architectury Transformer DEBUG] Writing net/lyivx/ls_tweaks/api/recipes/RecipeCategory with maxs=true frames=true
[Architectury Transformer DEBUG] Transformed net/lyivx/ls_tweaks/api/recipes/RecipeCategory in 378.5 μs
[Architectury Transformer DEBUG] Transforming from net/lyivx/ls_tweaks/recipes/categories/CraftingAnyCategory.class to net/lyivx/ls_tweaks/recipes/categories/CraftingAnyCategory.class with 5 transformer(s) on dev.architectury.transformer.handler.TinyRemapperPreparedTransformerHandler
[Architectury Transformer DEBUG] Found class transformer
[Architectury Transformer DEBUG] Writing net/lyivx/ls_tweaks/recipes/categories/CraftingAnyCategory with maxs=true frames=true
[Architectury Transformer DEBUG] Transformed net/lyivx/ls_tweaks/recipes/categories/CraftingAnyCategory in 873.1 μs
[Architectury Transformer DEBUG] Transforming from net/lyivx/ls_tweaks/api/recipes/RecipeBackedCategory.class to net/lyivx/ls_tweaks/api/recipes/RecipeBackedCategory.class with 5 transformer(s) on dev.architectury.transformer.handler.TinyRemapperPreparedTransformerHandler
[Architectury Transformer DEBUG] Found class transformer
[Architectury Transformer DEBUG] Writing net/lyivx/ls_tweaks/api/recipes/RecipeBackedCategory with maxs=true frames=true
[Architectury Transformer DEBUG] Transformed net/lyivx/ls_tweaks/api/recipes/RecipeBackedCategory in 482.2 μs
[Architectury Transformer DEBUG] Transforming from net/lyivx/ls_tweaks/api/recipes/SlotWidget.class to net/lyivx/ls_tweaks/api/recipes/SlotWidget.class with 5 transformer(s) on dev.architectury.transformer.handler.TinyRemapperPreparedTransformerHandler
[Architectury Transformer DEBUG] Found class transformer
[Architectury Transformer DEBUG] Writing net/lyivx/ls_tweaks/api/recipes/SlotWidget with maxs=true frames=true
[Architectury Transformer DEBUG] Transformed net/lyivx/ls_tweaks/api/recipes/SlotWidget in 2.464 ms
[Architectury Transformer DEBUG] Transforming from net/lyivx/ls_tweaks/api/recipes/Widgets$AddSlot$SlotBuilder.class to net/lyivx/ls_tweaks/api/recipes/Widgets$AddSlot$SlotBuilder.class with 5 transformer(s) on dev.architectury.transformer.handler.TinyRemapperPreparedTransformerHandler
[Architectury Transformer DEBUG] Found class transformer
[Architectury Transformer DEBUG] Writing net/lyivx/ls_tweaks/api/recipes/Widgets$AddSlot$SlotBuilder with maxs=true frames=true
[Architectury Transformer DEBUG] Transformed net/lyivx/ls_tweaks/api/recipes/Widgets$AddSlot$SlotBuilder in 1.173 ms
[Architectury Transformer DEBUG] Transforming from net/lyivx/ls_tweaks/api/recipes/GridSlotWidget.class to net/lyivx/ls_tweaks/api/recipes/GridSlotWidget.class with 5 transformer(s) on dev.architectury.transformer.handler.TinyRemapperPreparedTransformerHandler
[Architectury Transformer DEBUG] Found class transformer
[Architectury Transformer DEBUG] Writing net/lyivx/ls_tweaks/api/recipes/GridSlotWidget with maxs=true frames=true
[Architectury Transformer DEBUG] Transformed net/lyivx/ls_tweaks/api/recipes/GridSlotWidget in 808.4 μs
[Architectury Transformer DEBUG] Transforming from net/lyivx/ls_tweaks/api/recipes/Widgets$AddGrid$GridBuilder.class to net/lyivx/ls_tweaks/api/recipes/Widgets$AddGrid$GridBuilder.class with 5 transformer(s) on dev.architectury.transformer.handler.TinyRemapperPreparedTransformerHandler
[Architectury Transformer DEBUG] Found class transformer
[Architectury Transformer DEBUG] Writing net/lyivx/ls_tweaks/api/recipes/Widgets$AddGrid$GridBuilder with maxs=true frames=true
[Architectury Transformer DEBUG] Transformed net/lyivx/ls_tweaks/api/recipes/Widgets$AddGrid$GridBuilder in 559.7 μs
[Architectury Transformer DEBUG] Transforming from net/lyivx/ls_tweaks/api/recipes/TextureWidget.class to net/lyivx/ls_tweaks/api/recipes/TextureWidget.class with 5 transformer(s) on dev.architectury.transformer.handler.TinyRemapperPreparedTransformerHandler
[Architectury Transformer DEBUG] Found class transformer
[Architectury Transformer DEBUG] Writing net/lyivx/ls_tweaks/api/recipes/TextureWidget with maxs=true frames=true
[Architectury Transformer DEBUG] Transformed net/lyivx/ls_tweaks/api/recipes/TextureWidget in 1.099 ms
[Architectury Transformer DEBUG] Transforming from net/lyivx/ls_tweaks/api/recipes/Widgets$AddTexture$TextureBuilder.class to net/lyivx/ls_tweaks/api/recipes/Widgets$AddTexture$TextureBuilder.class with 5 transformer(s) on dev.architectury.transformer.handler.TinyRemapperPreparedTransformerHandler
[Architectury Transformer DEBUG] Found class transformer
[Architectury Transformer DEBUG] Writing net/lyivx/ls_tweaks/api/recipes/Widgets$AddTexture$TextureBuilder with maxs=true frames=true
[Architectury Transformer DEBUG] Transformed net/lyivx/ls_tweaks/api/recipes/Widgets$AddTexture$TextureBuilder in 645.9 μs
[Architectury Transformer DEBUG] Transforming from net/lyivx/ls_tweaks/api/recipes/HoverTooltipWidget.class to net/lyivx/ls_tweaks/api/recipes/HoverTooltipWidget.class with 5 transformer(s) on dev.architectury.transformer.handler.TinyRemapperPreparedTransformerHandler
[Architectury Transformer DEBUG] Found class transformer
[Architectury Transformer DEBUG] Writing net/lyivx/ls_tweaks/api/recipes/HoverTooltipWidget with maxs=true frames=true
[Architectury Transformer DEBUG] Transformed net/lyivx/ls_tweaks/api/recipes/HoverTooltipWidget in 302.8 μs
[Architectury Transformer DEBUG] Transforming from net/lyivx/ls_tweaks/api/recipes/Widgets$AddHover$HoverBuilder.class to net/lyivx/ls_tweaks/api/recipes/Widgets$AddHover$HoverBuilder.class with 5 transformer(s) on dev.architectury.transformer.handler.TinyRemapperPreparedTransformerHandler
[Architectury Transformer DEBUG] Found class transformer
[Architectury Transformer DEBUG] Writing net/lyivx/ls_tweaks/api/recipes/Widgets$AddHover$HoverBuilder with maxs=true frames=true
[Architectury Transformer DEBUG] Transformed net/lyivx/ls_tweaks/api/recipes/Widgets$AddHover$HoverBuilder in 268.5 μs
[Architectury Transformer DEBUG] Transforming from net/lyivx/ls_tweaks/recipes/RecipeBootstrap$1.class to net/lyivx/ls_tweaks/recipes/RecipeBootstrap$1.class with 5 transformer(s) on dev.architectury.transformer.handler.TinyRemapperPreparedTransformerHandler
[Architectury Transformer DEBUG] Found class transformer
[Architectury Transformer DEBUG] Writing net/lyivx/ls_tweaks/recipes/RecipeBootstrap$1 with maxs=true frames=true
[Architectury Transformer DEBUG] Transformed net/lyivx/ls_tweaks/recipes/RecipeBootstrap$1 in 541.2 μs
[Architectury Transformer DEBUG] Transforming from net/lyivx/ls_tweaks/recipes/categories/CookingCategoryBase.class to net/lyivx/ls_tweaks/recipes/categories/CookingCategoryBase.class with 5 transformer(s) on dev.architectury.transformer.handler.TinyRemapperPreparedTransformerHandler
[Architectury Transformer DEBUG] Found class transformer
[Architectury Transformer DEBUG] Writing net/lyivx/ls_tweaks/recipes/categories/CookingCategoryBase with maxs=true frames=true
[Architectury Transformer DEBUG] Transformed net/lyivx/ls_tweaks/recipes/categories/CookingCategoryBase in 897.8 μs
[Architectury Transformer DEBUG] Transforming from net/lyivx/ls_tweaks/api/recipes/TextWidget.class to net/lyivx/ls_tweaks/api/recipes/TextWidget.class with 5 transformer(s) on dev.architectury.transformer.handler.TinyRemapperPreparedTransformerHandler
[Architectury Transformer DEBUG] Found class transformer
[Architectury Transformer DEBUG] Writing net/lyivx/ls_tweaks/api/recipes/TextWidget with maxs=true frames=true
[Architectury Transformer DEBUG] Transformed net/lyivx/ls_tweaks/api/recipes/TextWidget in 1.068 ms
[Architectury Transformer DEBUG] Transforming from net/lyivx/ls_tweaks/api/recipes/Widgets$AddText$TextBuilder.class to net/lyivx/ls_tweaks/api/recipes/Widgets$AddText$TextBuilder.class with 5 transformer(s) on dev.architectury.transformer.handler.TinyRemapperPreparedTransformerHandler
[Architectury Transformer DEBUG] Found class transformer
[Architectury Transformer DEBUG] Writing net/lyivx/ls_tweaks/api/recipes/Widgets$AddText$TextBuilder with maxs=true frames=true
[Architectury Transformer DEBUG] Transformed net/lyivx/ls_tweaks/api/recipes/Widgets$AddText$TextBuilder in 1.009 ms
[Architectury Transformer DEBUG] Transforming from net/lyivx/ls_tweaks/recipes/RecipeBootstrap$2.class to net/lyivx/ls_tweaks/recipes/RecipeBootstrap$2.class with 5 transformer(s) on dev.architectury.transformer.handler.TinyRemapperPreparedTransformerHandler
[Architectury Transformer DEBUG] Found class transformer
[Architectury Transformer DEBUG] Writing net/lyivx/ls_tweaks/recipes/RecipeBootstrap$2 with maxs=true frames=true
[Architectury Transformer DEBUG] Transformed net/lyivx/ls_tweaks/recipes/RecipeBootstrap$2 in 559.4 μs
[Architectury Transformer DEBUG] Transforming from net/lyivx/ls_tweaks/recipes/RecipeBootstrap$3.class to net/lyivx/ls_tweaks/recipes/RecipeBootstrap$3.class with 5 transformer(s) on dev.architectury.transformer.handler.TinyRemapperPreparedTransformerHandler
[Architectury Transformer DEBUG] Found class transformer
[Architectury Transformer DEBUG] Writing net/lyivx/ls_tweaks/recipes/RecipeBootstrap$3 with maxs=true frames=true
[Architectury Transformer DEBUG] Transformed net/lyivx/ls_tweaks/recipes/RecipeBootstrap$3 in 741.1 μs
[Architectury Transformer DEBUG] Transforming from net/lyivx/ls_tweaks/recipes/categories/TagsCategory.class to net/lyivx/ls_tweaks/recipes/categories/TagsCategory.class with 5 transformer(s) on dev.architectury.transformer.handler.TinyRemapperPreparedTransformerHandler
[Architectury Transformer DEBUG] Found class transformer
[Architectury Transformer DEBUG] Writing net/lyivx/ls_tweaks/recipes/categories/TagsCategory with maxs=true frames=true
[Architectury Transformer DEBUG] Transformed net/lyivx/ls_tweaks/recipes/categories/TagsCategory in 992.3 μs
[Architectury Transformer DEBUG] Transforming from net/lyivx/ls_tweaks/api/recipes/ScrollWidget.class to net/lyivx/ls_tweaks/api/recipes/ScrollWidget.class with 5 transformer(s) on dev.architectury.transformer.handler.TinyRemapperPreparedTransformerHandler
[Architectury Transformer DEBUG] Found class transformer
[Architectury Transformer DEBUG] Writing net/lyivx/ls_tweaks/api/recipes/ScrollWidget with maxs=true frames=true
[Architectury Transformer DEBUG] Transformed net/lyivx/ls_tweaks/api/recipes/ScrollWidget in 1.222 ms
[Architectury Transformer DEBUG] Transforming from net/lyivx/ls_tweaks/api/recipes/Widgets$AddScroll$ScrollBuilder.class to net/lyivx/ls_tweaks/api/recipes/Widgets$AddScroll$ScrollBuilder.class with 5 transformer(s) on dev.architectury.transformer.handler.TinyRemapperPreparedTransformerHandler
[Architectury Transformer DEBUG] Found class transformer
[Architectury Transformer DEBUG] Writing net/lyivx/ls_tweaks/api/recipes/Widgets$AddScroll$ScrollBuilder with maxs=true frames=true
[Architectury Transformer DEBUG] Transformed net/lyivx/ls_tweaks/api/recipes/Widgets$AddScroll$ScrollBuilder in 452.0 μs
[Architectury Transformer DEBUG] Transforming from net/lyivx/ls_tweaks/recipes/RecipeBootstrap$4.class to net/lyivx/ls_tweaks/recipes/RecipeBootstrap$4.class with 5 transformer(s) on dev.architectury.transformer.handler.TinyRemapperPreparedTransformerHandler
[Architectury Transformer DEBUG] Found class transformer
[Architectury Transformer DEBUG] Writing net/lyivx/ls_tweaks/recipes/RecipeBootstrap$4 with maxs=true frames=true
[Architectury Transformer DEBUG] Transformed net/lyivx/ls_tweaks/recipes/RecipeBootstrap$4 in 361.4 μs
[Architectury Transformer DEBUG] Transforming from net/lyivx/ls_tweaks/recipes/categories/furnection/WorkstationCategory.class to net/lyivx/ls_tweaks/recipes/categories/furnection/WorkstationCategory.class with 5 transformer(s) on dev.architectury.transformer.handler.TinyRemapperPreparedTransformerHandler
[Architectury Transformer DEBUG] Found class transformer
[Architectury Transformer DEBUG] Writing net/lyivx/ls_tweaks/recipes/categories/furnection/WorkstationCategory with maxs=true frames=true
[Architectury Transformer DEBUG] Transformed net/lyivx/ls_tweaks/recipes/categories/furnection/WorkstationCategory in 1.316 ms
[Architectury Transformer DEBUG] Transforming from net/lyivx/ls_tweaks/api/recipes/RecipeBrowserPlugin.class to net/lyivx/ls_tweaks/api/recipes/RecipeBrowserPlugin.class with 5 transformer(s) on dev.architectury.transformer.handler.TinyRemapperPreparedTransformerHandler
[Architectury Transformer DEBUG] Found class transformer
[Architectury Transformer DEBUG] Writing net/lyivx/ls_tweaks/api/recipes/RecipeBrowserPlugin with maxs=true frames=true
[Architectury Transformer DEBUG] Transformed net/lyivx/ls_tweaks/api/recipes/RecipeBrowserPlugin in 402.1 μs
[Architectury Transformer DEBUG] Transforming from net/lyivx/ls_tweaks/client/overlay/ItemPanelOverlay.class to net/lyivx/ls_tweaks/client/overlay/ItemPanelOverlay.class with 5 transformer(s) on dev.architectury.transformer.handler.TinyRemapperPreparedTransformerHandler
[Architectury Transformer DEBUG] Found class transformer
[Architectury Transformer DEBUG] Writing net/lyivx/ls_tweaks/client/overlay/ItemPanelOverlay with maxs=true frames=true
[Architectury Transformer DEBUG] Transformed net/lyivx/ls_tweaks/client/overlay/ItemPanelOverlay in 2.221 ms
[Architectury Transformer DEBUG] Transforming from net/lyivx/ls_tweaks/recipes/index/ItemIndex.class to net/lyivx/ls_tweaks/recipes/index/ItemIndex.class with 5 transformer(s) on dev.architectury.transformer.handler.TinyRemapperPreparedTransformerHandler
[Architectury Transformer DEBUG] Found class transformer
[Architectury Transformer DEBUG] Writing net/lyivx/ls_tweaks/recipes/index/ItemIndex with maxs=true frames=true
[Architectury Transformer DEBUG] Transformed net/lyivx/ls_tweaks/recipes/index/ItemIndex in 779.1 μs
[Architectury Transformer DEBUG] Transforming from net/lyivx/ls_tweaks/recipes/index/RecipeIndex.class to net/lyivx/ls_tweaks/recipes/index/RecipeIndex.class with 5 transformer(s) on dev.architectury.transformer.handler.TinyRemapperPreparedTransformerHandler
[Architectury Transformer DEBUG] Found class transformer
[Architectury Transformer DEBUG] Writing net/lyivx/ls_tweaks/recipes/index/RecipeIndex with maxs=true frames=true
[Architectury Transformer DEBUG] Transformed net/lyivx/ls_tweaks/recipes/index/RecipeIndex in 930.0 μs
[Architectury Transformer DEBUG] Transforming from net/lyivx/ls_tweaks/common/feature/quickstack/client/QuickStackButtons.class to net/lyivx/ls_tweaks/common/feature/quickstack/client/QuickStackButtons.class with 5 transformer(s) on dev.architectury.transformer.handler.TinyRemapperPreparedTransformerHandler
[Architectury Transformer DEBUG] Found class transformer
[Architectury Transformer DEBUG] Writing net/lyivx/ls_tweaks/common/feature/quickstack/client/QuickStackButtons with maxs=true frames=true
[Architectury Transformer DEBUG] Transformed net/lyivx/ls_tweaks/common/feature/quickstack/client/QuickStackButtons in 2.856 ms
[Architectury Transformer DEBUG] Transforming from net/lyivx/ls_tweaks/common/feature/sort/client/SortingButtons.class to net/lyivx/ls_tweaks/common/feature/sort/client/SortingButtons.class with 5 transformer(s) on dev.architectury.transformer.handler.TinyRemapperPreparedTransformerHandler
[Architectury Transformer DEBUG] Found class transformer
[Architectury Transformer DEBUG] Writing net/lyivx/ls_tweaks/common/feature/sort/client/SortingButtons with maxs=true frames=true
[Architectury Transformer DEBUG] Transformed net/lyivx/ls_tweaks/common/feature/sort/client/SortingButtons in 1.738 ms
[Architectury Transformer DEBUG] Transforming from net/lyivx/ls_tweaks/common/ui/IconButton.class to net/lyivx/ls_tweaks/common/ui/IconButton.class with 5 transformer(s) on dev.architectury.transformer.handler.TinyRemapperPreparedTransformerHandler
[Architectury Transformer DEBUG] Found class transformer
[Architectury Transformer DEBUG] Writing net/lyivx/ls_tweaks/common/ui/IconButton with maxs=true frames=true
[Architectury Transformer DEBUG] Transformed net/lyivx/ls_tweaks/common/ui/IconButton in 821.7 μs
[Architectury Transformer DEBUG] Transforming from net/lyivx/ls_tweaks/common/feature/sort/client/SortingButtons$1.class to net/lyivx/ls_tweaks/common/feature/sort/client/SortingButtons$1.class with 5 transformer(s) on dev.architectury.transformer.handler.TinyRemapperPreparedTransformerHandler
[Architectury Transformer DEBUG] Found class transformer
[Architectury Transformer DEBUG] Writing net/lyivx/ls_tweaks/common/feature/sort/client/SortingButtons$1 with maxs=true frames=true
[Architectury Transformer DEBUG] Transformed net/lyivx/ls_tweaks/common/feature/sort/client/SortingButtons$1 in 345.5 μs
[Architectury Transformer DEBUG] Transforming from net/lyivx/ls_tweaks/common/feature/sort/client/SortingButtons$Anchor.class to net/lyivx/ls_tweaks/common/feature/sort/client/SortingButtons$Anchor.class with 5 transformer(s) on dev.architectury.transformer.handler.TinyRemapperPreparedTransformerHandler
[Architectury Transformer DEBUG] Found class transformer
[Architectury Transformer DEBUG] Writing net/lyivx/ls_tweaks/common/feature/sort/client/SortingButtons$Anchor with maxs=true frames=true
[Architectury Transformer DEBUG] Transformed net/lyivx/ls_tweaks/common/feature/sort/client/SortingButtons$Anchor in 470.3 μs
[Architectury Transformer DEBUG] Transforming from net/lyivx/ls_tweaks/common/feature/slotlock/client/SlotLockButtons.class to net/lyivx/ls_tweaks/common/feature/slotlock/client/SlotLockButtons.class with 5 transformer(s) on dev.architectury.transformer.handler.TinyRemapperPreparedTransformerHandler
[Architectury Transformer DEBUG] Found class transformer
[Architectury Transformer DEBUG] Writing net/lyivx/ls_tweaks/common/feature/slotlock/client/SlotLockButtons with maxs=true frames=true
[Architectury Transformer DEBUG] Transformed net/lyivx/ls_tweaks/common/feature/slotlock/client/SlotLockButtons in 539.8 μs
[Architectury Transformer DEBUG] Transforming from net/lyivx/ls_tweaks/common/feature/quickstack/client/QuickStackButtons$Anchor.class to net/lyivx/ls_tweaks/common/feature/quickstack/client/QuickStackButtons$Anchor.class with 5 transformer(s) on dev.architectury.transformer.handler.TinyRemapperPreparedTransformerHandler
[Architectury Transformer DEBUG] Found class transformer
[Architectury Transformer DEBUG] Writing net/lyivx/ls_tweaks/common/feature/quickstack/client/QuickStackButtons$Anchor with maxs=true frames=true
[Architectury Transformer DEBUG] Transformed net/lyivx/ls_tweaks/common/feature/quickstack/client/QuickStackButtons$Anchor in 454.5 μs
[Architectury Transformer DEBUG] Transforming from net/lyivx/ls_tweaks/client/overlay/OverlayHooks.class to net/lyivx/ls_tweaks/client/overlay/OverlayHooks.class with 5 transformer(s) on dev.architectury.transformer.handler.TinyRemapperPreparedTransformerHandler
[Architectury Transformer DEBUG] Found class transformer
[Architectury Transformer DEBUG] Writing net/lyivx/ls_tweaks/client/overlay/OverlayHooks with maxs=true frames=true
[Architectury Transformer DEBUG] Transformed net/lyivx/ls_tweaks/client/overlay/OverlayHooks in 426.3 μs
[Architectury Transformer DEBUG] Transforming from net/lyivx/ls_tweaks/client/screen/RecipeBrowserScreen.class to net/lyivx/ls_tweaks/client/screen/RecipeBrowserScreen.class with 5 transformer(s) on dev.architectury.transformer.handler.TinyRemapperPreparedTransformerHandler
[Architectury Transformer DEBUG] Found class transformer
[Architectury Transformer DEBUG] Writing net/lyivx/ls_tweaks/client/screen/RecipeBrowserScreen with maxs=true frames=true
[Architectury Transformer DEBUG] Transformed net/lyivx/ls_tweaks/client/screen/RecipeBrowserScreen in 2.185 ms
[Architectury Transformer DEBUG] Transforming from net/lyivx/ls_tweaks/client/screen/RecipeBrowserMenu.class to net/lyivx/ls_tweaks/client/screen/RecipeBrowserMenu.class with 5 transformer(s) on dev.architectury.transformer.handler.TinyRemapperPreparedTransformerHandler
[Architectury Transformer DEBUG] Found class transformer
[Architectury Transformer DEBUG] Writing net/lyivx/ls_tweaks/client/screen/RecipeBrowserMenu with maxs=true frames=true
[Architectury Transformer DEBUG] Transformed net/lyivx/ls_tweaks/client/screen/RecipeBrowserMenu in 337.0 μs
[Architectury Transformer DEBUG] Transforming from net/lyivx/ls_tweaks/recipes/util/RecipeEnumerationResults.class to net/lyivx/ls_tweaks/recipes/util/RecipeEnumerationResults.class with 5 transformer(s) on dev.architectury.transformer.handler.TinyRemapperPreparedTransformerHandler
[Architectury Transformer DEBUG] Found class transformer
[Architectury Transformer DEBUG] Writing net/lyivx/ls_tweaks/recipes/util/RecipeEnumerationResults with maxs=true frames=true
[Architectury Transformer DEBUG] Transformed net/lyivx/ls_tweaks/recipes/util/RecipeEnumerationResults in 693.4 μs
[Architectury Transformer DEBUG] Transforming from net/lyivx/ls_tweaks/api/recipes/RecipeDisplayBuilder.class to net/lyivx/ls_tweaks/api/recipes/RecipeDisplayBuilder.class with 5 transformer(s) on dev.architectury.transformer.handler.TinyRemapperPreparedTransformerHandler
[Architectury Transformer DEBUG] Found class transformer
[Architectury Transformer DEBUG] Writing net/lyivx/ls_tweaks/api/recipes/RecipeDisplayBuilder with maxs=true frames=true
[Architectury Transformer DEBUG] Transformed net/lyivx/ls_tweaks/api/recipes/RecipeDisplayBuilder in 445.7 μs
[Architectury Transformer DEBUG] Transforming from net/lyivx/ls_tweaks/api/recipes/RecipeDisplay.class to net/lyivx/ls_tweaks/api/recipes/RecipeDisplay.class with 5 transformer(s) on dev.architectury.transformer.handler.TinyRemapperPreparedTransformerHandler
[Architectury Transformer DEBUG] Found class transformer
[Architectury Transformer DEBUG] Writing net/lyivx/ls_tweaks/api/recipes/RecipeDisplay with maxs=true frames=true
[Architectury Transformer DEBUG] Transformed net/lyivx/ls_tweaks/api/recipes/RecipeDisplay in 210.0 μs
[Architectury Transformer DEBUG] Transforming from net/lyivx/ls_tweaks/api/recipes/Widgets$AddSlot.class to net/lyivx/ls_tweaks/api/recipes/Widgets$AddSlot.class with 5 transformer(s) on dev.architectury.transformer.handler.TinyRemapperPreparedTransformerHandler
[Architectury Transformer DEBUG] Found class transformer
[Architectury Transformer DEBUG] Writing net/lyivx/ls_tweaks/api/recipes/Widgets$AddSlot with maxs=true frames=true
[Architectury Transformer DEBUG] Transformed net/lyivx/ls_tweaks/api/recipes/Widgets$AddSlot in 1.334 ms
[Architectury Transformer DEBUG] Transforming from net/lyivx/ls_tweaks/api/recipes/SlotRole.class to net/lyivx/ls_tweaks/api/recipes/SlotRole.class with 5 transformer(s) on dev.architectury.transformer.handler.TinyRemapperPreparedTransformerHandler
[Architectury Transformer DEBUG] Found class transformer
[Architectury Transformer DEBUG] Writing net/lyivx/ls_tweaks/api/recipes/SlotRole with maxs=true frames=true
[Architectury Transformer DEBUG] Transformed net/lyivx/ls_tweaks/api/recipes/SlotRole in 351.3 μs
[Architectury Transformer DEBUG] Transforming from net/lyivx/ls_tweaks/api/recipes/Widgets$PositionMode.class to net/lyivx/ls_tweaks/api/recipes/Widgets$PositionMode.class with 5 transformer(s) on dev.architectury.transformer.handler.TinyRemapperPreparedTransformerHandler
[Architectury Transformer DEBUG] Found class transformer
[Architectury Transformer DEBUG] Writing net/lyivx/ls_tweaks/api/recipes/Widgets$PositionMode with maxs=true frames=true
[Architectury Transformer DEBUG] Transformed net/lyivx/ls_tweaks/api/recipes/Widgets$PositionMode in 394.8 μs
[Architectury Transformer DEBUG] Transforming from net/lyivx/ls_tweaks/api/recipes/Widgets.class to net/lyivx/ls_tweaks/api/recipes/Widgets.class with 5 transformer(s) on dev.architectury.transformer.handler.TinyRemapperPreparedTransformerHandler
[Architectury Transformer DEBUG] Found class transformer
[Architectury Transformer DEBUG] Writing net/lyivx/ls_tweaks/api/recipes/Widgets with maxs=true frames=true
[Architectury Transformer DEBUG] Transformed net/lyivx/ls_tweaks/api/recipes/Widgets in 229.0 μs
[Architectury Transformer DEBUG] Transforming from net/lyivx/ls_tweaks/api/recipes/Widgets$AddGrid.class to net/lyivx/ls_tweaks/api/recipes/Widgets$AddGrid.class with 5 transformer(s) on dev.architectury.transformer.handler.TinyRemapperPreparedTransformerHandler
[Architectury Transformer DEBUG] Found class transformer
[Architectury Transformer DEBUG] Writing net/lyivx/ls_tweaks/api/recipes/Widgets$AddGrid with maxs=true frames=true
[Architectury Transformer DEBUG] Transformed net/lyivx/ls_tweaks/api/recipes/Widgets$AddGrid in 152.6 μs
[Architectury Transformer DEBUG] Transforming from net/lyivx/ls_tweaks/api/recipes/Widgets$AddArrow$Right.class to net/lyivx/ls_tweaks/api/recipes/Widgets$AddArrow$Right.class with 5 transformer(s) on dev.architectury.transformer.handler.TinyRemapperPreparedTransformerHandler
[Architectury Transformer DEBUG] Found class transformer
[Architectury Transformer DEBUG] Writing net/lyivx/ls_tweaks/api/recipes/Widgets$AddArrow$Right with maxs=true frames=true
[Architectury Transformer DEBUG] Transformed net/lyivx/ls_tweaks/api/recipes/Widgets$AddArrow$Right in 228.1 μs
[Architectury Transformer DEBUG] Transforming from net/lyivx/ls_tweaks/api/recipes/TextureWidget$Type.class to net/lyivx/ls_tweaks/api/recipes/TextureWidget$Type.class with 5 transformer(s) on dev.architectury.transformer.handler.TinyRemapperPreparedTransformerHandler
[Architectury Transformer DEBUG] Found class transformer
[Architectury Transformer DEBUG] Writing net/lyivx/ls_tweaks/api/recipes/TextureWidget$Type with maxs=true frames=true
[Architectury Transformer DEBUG] Transformed net/lyivx/ls_tweaks/api/recipes/TextureWidget$Type in 244.1 μs
[Architectury Transformer DEBUG] Transforming from net/lyivx/ls_tweaks/api/recipes/TextureWidget$Direction.class to net/lyivx/ls_tweaks/api/recipes/TextureWidget$Direction.class with 5 transformer(s) on dev.architectury.transformer.handler.TinyRemapperPreparedTransformerHandler
[Architectury Transformer DEBUG] Found class transformer
[Architectury Transformer DEBUG] Writing net/lyivx/ls_tweaks/api/recipes/TextureWidget$Direction with maxs=true frames=true
[Architectury Transformer DEBUG] Transformed net/lyivx/ls_tweaks/api/recipes/TextureWidget$Direction in 373.0 μs
[Architectury Transformer DEBUG] Transforming from net/lyivx/ls_tweaks/api/recipes/Widgets$Positioning.class to net/lyivx/ls_tweaks/api/recipes/Widgets$Positioning.class with 5 transformer(s) on dev.architectury.transformer.handler.TinyRemapperPreparedTransformerHandler
[Architectury Transformer DEBUG] Found class transformer
[Architectury Transformer DEBUG] Writing net/lyivx/ls_tweaks/api/recipes/Widgets$Positioning with maxs=true frames=true
[Architectury Transformer DEBUG] Transformed net/lyivx/ls_tweaks/api/recipes/Widgets$Positioning in 278.1 μs
[Architectury Transformer DEBUG] Transforming from net/lyivx/ls_tweaks/api/recipes/RecipeDisplayBuilder$SimpleRecipeDisplay.class to net/lyivx/ls_tweaks/api/recipes/RecipeDisplayBuilder$SimpleRecipeDisplay.class with 5 transformer(s) on dev.architectury.transformer.handler.TinyRemapperPreparedTransformerHandler
[Architectury Transformer DEBUG] Found class transformer
[Architectury Transformer DEBUG] Writing net/lyivx/ls_tweaks/api/recipes/RecipeDisplayBuilder$SimpleRecipeDisplay with maxs=true frames=true
[Architectury Transformer DEBUG] Transformed net/lyivx/ls_tweaks/api/recipes/RecipeDisplayBuilder$SimpleRecipeDisplay in 389.8 μs
[Architectury Transformer DEBUG] Transforming from net/lyivx/ls_tweaks/recipes/util/TagsUtil.class to net/lyivx/ls_tweaks/recipes/util/TagsUtil.class with 5 transformer(s) on dev.architectury.transformer.handler.TinyRemapperPreparedTransformerHandler
[Architectury Transformer DEBUG] Found class transformer
[Architectury Transformer DEBUG] Writing net/lyivx/ls_tweaks/recipes/util/TagsUtil with maxs=true frames=true
[Architectury Transformer DEBUG] Transformed net/lyivx/ls_tweaks/recipes/util/TagsUtil in 364.8 μs
[Architectury Transformer DEBUG] Transforming from net/lyivx/ls_tweaks/api/recipes/Widgets$AddScroll.class to net/lyivx/ls_tweaks/api/recipes/Widgets$AddScroll.class with 5 transformer(s) on dev.architectury.transformer.handler.TinyRemapperPreparedTransformerHandler
[Architectury Transformer DEBUG] Found class transformer
[Architectury Transformer DEBUG] Writing net/lyivx/ls_tweaks/api/recipes/Widgets$AddScroll with maxs=true frames=true
[Architectury Transformer DEBUG] Transformed net/lyivx/ls_tweaks/api/recipes/Widgets$AddScroll in 194.5 μs
[Architectury Transformer DEBUG] Transforming from net/lyivx/ls_tweaks/api/recipes/Widgets$AddText.class to net/lyivx/ls_tweaks/api/recipes/Widgets$AddText.class with 5 transformer(s) on dev.architectury.transformer.handler.TinyRemapperPreparedTransformerHandler
[Architectury Transformer DEBUG] Found class transformer
[Architectury Transformer DEBUG] Writing net/lyivx/ls_tweaks/api/recipes/Widgets$AddText with maxs=true frames=true
[Architectury Transformer DEBUG] Transformed net/lyivx/ls_tweaks/api/recipes/Widgets$AddText in 181.2 μs
[Architectury Transformer DEBUG] Transforming from net/lyivx/ls_tweaks/common/feature/sort/SortingWhitelist.class to net/lyivx/ls_tweaks/common/feature/sort/SortingWhitelist.class with 5 transformer(s) on dev.architectury.transformer.handler.TinyRemapperPreparedTransformerHandler
[Architectury Transformer DEBUG] Found class transformer
[Architectury Transformer DEBUG] Writing net/lyivx/ls_tweaks/common/feature/sort/SortingWhitelist with maxs=true frames=true
[Architectury Transformer DEBUG] Transformed net/lyivx/ls_tweaks/common/feature/sort/SortingWhitelist in 326.0 μs
[Architectury Transformer DEBUG] Transforming from net/lyivx/ls_tweaks/api/recipes/Widgets$1.class to net/lyivx/ls_tweaks/api/recipes/Widgets$1.class with 5 transformer(s) on dev.architectury.transformer.handler.TinyRemapperPreparedTransformerHandler
[Architectury Transformer DEBUG] Found class transformer
[Architectury Transformer DEBUG] Writing net/lyivx/ls_tweaks/api/recipes/Widgets$1 with maxs=true frames=true
[Architectury Transformer DEBUG] Transformed net/lyivx/ls_tweaks/api/recipes/Widgets$1 in 370.6 μs
[Architectury Transformer DEBUG] Transforming from net/lyivx/ls_tweaks/recipes/util/DisplayUtil.class to net/lyivx/ls_tweaks/recipes/util/DisplayUtil.class with 5 transformer(s) on dev.architectury.transformer.handler.TinyRemapperPreparedTransformerHandler
[Architectury Transformer DEBUG] Found class transformer
[Architectury Transformer DEBUG] Writing net/lyivx/ls_tweaks/recipes/util/DisplayUtil with maxs=true frames=true
[Architectury Transformer DEBUG] Transformed net/lyivx/ls_tweaks/recipes/util/DisplayUtil in 722.6 μs
[Architectury Transformer DEBUG] Transforming from net/lyivx/ls_tweaks/recipes/util/RecipeEnumeration.class to net/lyivx/ls_tweaks/recipes/util/RecipeEnumeration.class with 5 transformer(s) on dev.architectury.transformer.handler.TinyRemapperPreparedTransformerHandler
[Architectury Transformer DEBUG] Found class transformer
[Architectury Transformer DEBUG] Writing net/lyivx/ls_tweaks/recipes/util/RecipeEnumeration with maxs=true frames=true
[Architectury Transformer DEBUG] Transformed net/lyivx/ls_tweaks/recipes/util/RecipeEnumeration in 879.2 μs
